"","year","pub.site","site","ppq","hum_dist","hdist.cont","sqrt.hdist.cont","island.side","region.3","region.4","region.full","region.kb","DEM","area_2d","area_3d","rug","vrm","curv","pro.curv","plan.curv","year.site.ppq","Dead.Coral","Live.Coral","Soft.Coral","Dead_Branching","Dead_Columnar","Dead_Foliose","Dead_Massive","Dead_SoftCoral","Dead_Tabulate","Live_Branching","Live_Columnar","Live_Digitate","Live_Encrusting","Live_Encrusting_Columnar","Live_Foliose","Live_FreeLiving","Live_Massive","Live_Massive_Grooved","Live_Porites","Live_SubMassive","Live_Tabulate","Macroalgae","NonCoral_Branching","NonCoral_Encrusting","NonCoral_Massive","NonCoral_SubMassive","Rubble","Sand","SoftCoral_Nodular","SoftCoral_Plating","LB.count","LC.count","LD.count","LE.count","LEC.count","LF.count","LFL.count","LM.count","LMG.count","LP.count","LS.count","LT.count","NCE.count","NCM.count","NCS.count","SCN.count","SCP.count","NCB.count"
"1","2015","VH1","27",1,"Very High",7276,85.2994724485445,"Leeward","Leeward","Leeward","North Lagoon","N.Lagoon",1,15.99876,24.52567,1.53297,0.04484,-13.73462,286.98938,273.25477,"2015.27.1",7.10457451389579,3.2872650728086,0,0.544494214748968,0,0,6.56008029914682,0,0,0.442501548421048,0,0,1.16694385122158,0,0.672211607751668,0.238734963441013,0.417120568093964,0,0.349752533879328,0,0,0.332008972404668,0,0,0,0,79.6447975240263,9.63135391686463,0,0,6,0,0,46,0,6,2,26,0,11,0,0,0,0,0,0,0,0
"2","2015","VH1","27",2,"Very High",7276,85.2994724485445,"Leeward","Leeward","Leeward","North Lagoon","N.Lagoon",1,16.00535,24.4374,1.52683,0.04193,5.20763,219.90472,225.11235,"2015.27.2",3.71683359767582,0.311907056732387,0,0,0,0,3.71683359767582,0,0,0.161679144115092,0,0,0,0,0,0.0778096499209222,0.0724182626963733,0,0,0,0,0.662259764658139,0,0,0,0,90.1361915640471,5.1728080168866,0,0,2,0,0,0,0,0,2,7,0,0,0,0,0,0,0,0,0,0
"3","2015","VH1","27",3,"Very High",7276,85.2994724485445,"Leeward","Leeward","Leeward","North Lagoon","N.Lagoon",1,16.00504,23.67035,1.47893,0.04562,6.4818,230.87942,237.36122,"2015.27.3",9.55664690005211,0.651855618282301,0,0.0865594534017759,0,0,9.47008744665034,0,0,0.0248864671999047,0,0,0.258479614168604,0,0,0.0504472290454666,0.166975333365342,0,0.151066974502984,0,0,0.0423182324839323,0,0,0,0,86.94439447935,2.80478476983171,0,0,1,0,0,5,0,0,2,9,0,3,0,0,0,0,0,0,0,0
"4","2015","VH2","32",1,"Very High",4860.7457,69.7190483297069,"Leeward","Leeward","Leeward","Mid Lagoon","N.Lagoon",1,16.0083,29.16348,1.82177,0.06613,11.92347,-6.66107,5.2624,"2015.32.1",34.5264234190716,41.5908343086021,0.0976650976940923,1.21547309957269,0.0832301426304504,0,33.2277201768684,0,0,4.21158364301976,0,0,11.2698651326248,0.310978191744715,0.439408761699718,0.191090122194545,3.42293002900272,1.32245388748928,15.7665562855063,3.32537093313847,1.33059732218177,0.0590741962302133,0,0,0,0,20.6334868884154,3.09251608998657,0,0.0976650976940923,23,0,0,174,1,1,8,62,8,51,13,2,0,0,0,0,1,0
"5","2015","VH2","32",2,"Very High",4860.7457,69.7190483297069,"Leeward","Leeward","Leeward","Mid Lagoon","N.Lagoon",1,16.0163,25.65525,1.60182,0.06237,-5.27156,178.06504,172.79348,"2015.32.2",9.19988313087075,15.7360896656342,0,0.249112158818575,0,0,8.95077097205217,0,0,3.80428756277702,0,0.0218645473798182,4.00547263373903,0,0.19676843239129,0,2.3672370627317,0.273488005640304,3.32905225495636,1.7379191660187,0,0,0,0,0,0,73.1506606622871,1.91336654120789,0,0,19,0,1,22,0,1,0,57,2,19,10,0,0,0,0,0,0,0
"6","2015","VH2","32",3,"Very High",4860.7457,69.7190483297069,"Leeward","Leeward","Leeward","Mid Lagoon","N.Lagoon",1,16.00447,24.53674,1.53312,0.05346,-3.01614,185.98534,182.9692,"2015.32.3",18.4998017701891,33.5852024091301,1.51484296277947,1.06320263443373,0,0,17.4365991357554,0,0,2.51222209705356,0,0.141847900164372,7.89887603386027,0,1.02312100233955,0.0089934717975305,4.85037539186953,0.0275032192894722,15.641085166622,1.48117812613391,0,0.0489568506293252,0,0,0,0,41.4430009939498,4.90819501332216,0.0259659268784064,1.48887703590107,22,0,1,132,0,13,1,31,1,65,11,0,0,0,0,1,2,0
"7","2015","VH3","30",1,"Very High",5085.68478,71.3139872675761,"Leeward","Leeward","Leeward","North Lagoon","N.Lagoon",1,16.00174,37.65534,2.3532,0.076,51.41088,-47.73393,3.67696,"2015.30.1",37.8945656107283,3.28904613983921,0,0.472822745797671,0,0,37.4217428649307,0,0,1.21196188218647,0.0491006794977031,0,0.39537817920343,0,0.737765341464534,0.244935145951661,0.537684599790122,0,0.110946429179154,0.00127388256613652,0,0.294822635269624,0,0,0,0.0258773007552438,55.0691190571271,3.42656925628051,0,0,14,1,0,14,0,13,9,29,0,2,1,0,0,0,2,0,0,0
"8","2015","VH3","30",2,"Very High",5085.68478,71.3139872675761,"Leeward","Leeward","Leeward","North Lagoon","N.Lagoon",1,15.99807,30.39497,1.89991,0.05724,5.43773,224.84395,230.28169,"2015.30.2",24.8971893061644,4.63925880648064,0.0756477919723183,0.478124514167728,0,0,24.4190647919967,0,0,1.25026769553325,0,0,2.29518872300958,0,0.109812922186294,0.0367125302737893,0.685331783248722,0.200788819910679,0,0.0611563323183276,0,0.0955275022430232,0,0,0,0,70.2923765931396,0,0.0756477919723183,0,10,0,0,28,0,2,3,21,1,0,1,0,0,0,0,1,0,0
"9","2015","VH3","30",3,"Very High",5085.68478,71.3139872675761,"Leeward","Leeward","Leeward","North Lagoon","N.Lagoon",1,16.01118,28.66715,1.79045,0.0592,-16.91448,300.99317,284.0787,"2015.30.3",19.870892761609,2.74692755848633,0,0.0417720469533802,0,0,19.8291207146556,0,0,0.774688413704955,0,0,1.01404986492809,0,0.425998657121781,0.00907164405867604,0.491568150507322,0,0.0315508281655055,0,0,1.13644833514402,0,0,0,0.124691371985576,70.0014038556612,6.11963611711393,0,0,6,0,0,19,0,10,1,11,0,3,0,0,0,0,2,0,0,0
"10","2015","M1","8",1,"Medium",1212.82819,34.8256829078771,"Leeward","Leeward","Leeward","South Lagoon","S.Lagoon",1,16.00881,28.69766,1.79262,0.07319,28.69497,34.64098,63.33595,"2015.8.1",49.6333004151694,37.0362074770543,3.87598238189826,4.32273693881102,0.898590777156546,0.0335940501983226,44.3783786490035,0,0,2.39607935905957,0.224118875875992,0,9.04191245771017,0.15898972527727,3.75812784513694,0.639695050134489,7.59796908696528,3.74215690323937,6.81829674160243,2.65886143205278,0,0.070110682632602,0,0.0113711604341192,0.131021802338316,0.145565873251301,8.82251226921301,0.273927938008714,1.43395527385284,2.44202710804542,51,5,0,304,1,53,18,150,22,41,30,0,1,3,3,3,4,0
"11","2015","M1","8",2,"Medium",1212.82819,34.8256829078771,"Leeward","Leeward","Leeward","South Lagoon","S.Lagoon",1,16.00972,33.49165,2.09196,0.0909,46.04387,-212.06297,-166.01911,"2015.8.2",35.4756614333286,61.0470694378906,0.561937654020066,3.11946007915433,0,0.0624215553610304,32.2937797988132,0,0,7.31658202947504,0,0,9.85044497375003,0,8.70226061093052,0.72549287201926,15.5455780723831,7.03038225863723,6.37990268258414,5.49642593811122,0,1.29606860999613,0,0,0,0,1.61926286476464,0,0.561937654020066,0,45,0,0,246,0,57,21,188,31,41,48,0,0,0,0,7,0,0
"12","2015","M1","8",3,"Medium",1212.82819,34.8256829078771,"Leeward","Leeward","Leeward","South Lagoon","S.Lagoon",1,16.01384,28.51803,1.78084,0.06025,-2.54636,103.79142,101.24506,"2015.8.3",42.0098780948974,41.5685134850932,2.92834759464343,1.77078488742399,0,0,40.2390932074735,0,0,1.37873207303616,0,0.0136439499790938,5.91491145732122,0.612310502082373,3.23631995755826,0.268670293730202,7.24001687478738,1.35294906641663,20.365821461952,1.18513784822982,0,0.516365746279729,0,0,0.0174530161059805,0,8.40516649240709,4.55427557057313,1.78091950106979,1.14742809357364,20,0,1,131,1,17,7,90,6,49,19,0,0,2,0,9,4,0
"13","2015","M2","35",1,"Medium",1212.82819,34.8256829078771,"Leeward","Leeward","Leeward","South Lagoon","S.Lagoon",1,16.00591,26.39876,1.64931,0.05375,21.92695,131.0193,152.94625,"2015.35.1",44.5866493549938,44.8021791821846,4.14990477976178,3.7632652056799,0.583962914479416,0,40.2394212348345,0,0,4.3013340326956,0.464724479018101,0,14.9128177851706,0,0.622268363365501,0.281778954263119,7.77673063587107,2.76828538677417,11.5450174591777,2.1292220858488,0,1.51553544215874,0,0,0.00109925957996917,0,4.41935453850866,0.525277442812426,0.0232655791783247,4.12663920058346,28,1,0,290,0,2,5,141,8,67,19,0,0,1,0,1,6,0
"14","2015","M2","35",2,"Medium",1212.82819,34.8256829078771,"Leeward","Leeward","Leeward","South Lagoon","S.Lagoon",1,16.00473,31.04983,1.94004,0.06925,48.29471,104.35529,152.65,"2015.35.2",47.208229858995,42.4771844082668,2.52668588190129,4.16641048020091,0,0,43.0418193787941,0,0,1.99012519895066,0,0.105611308395518,11.9766797834137,0,4.06385466404332,0.524351210899697,8.32940930649199,3.56775894578145,9.10015566139597,2.81923832889443,0,1.48440686709696,0,0,0,0,6.17260044508962,0.130892538650415,0,2.52668588190129,33,0,2,300,0,41,15,94,8,51,34,0,0,0,0,0,1,0
"15","2015","M2","35",3,"Medium",1212.82819,34.8256829078771,"Leeward","Leeward","Leeward","South Lagoon","S.Lagoon",1,16.00504,35.81899,2.23798,0.08512,-7.87282,-60.11308,-67.9859,"2015.35.3",44.386739383164,32.7412313083698,1.92238743171897,2.80281071848766,0,0,41.5839286646764,0,0,2.95928585723591,0,0,12.0538013133643,0,2.68771082699775,0.168249344829456,4.65684529230388,1.69125070926318,7.70996876118862,0.814119203186694,0,1.08704967253341,0,0.136968058858788,0.0092944396015084,16.4911404252406,3.22518928051293,0,1.92238743171897,0,47,0,0,222,0,20,3,78,5,59,11,0,5,1,5,2,0,0
"16","2015","M3","34",1,"Medium",1212.82819,34.8256829078771,"Leeward","Leeward","Leeward","South Lagoon","S.Lagoon",1,16.00784,30.87631,1.92882,0.06978,-1.99482,95.1055,93.11068,"2015.34.1",38.1810929497361,46.2179433718686,0,1.74777126725333,0,0,36.4333216824828,0,0,4.24961806762678,0.198283108172056,0,14.8002784959345,0,0.991652930844861,0.30477125757032,8.89247264470872,2.76457504225386,13.0203034031416,0.995988421615857,0,0.133544360535414,0,0,0,0.266389045326806,12.7131769870401,2.487853285493,0,0,35,1,0,157,0,5,1,84,6,44,13,0,0,0,1,0,0,0
"17","2015","M3","34",2,"Medium",1212.82819,34.8256829078771,"Leeward","Leeward","Leeward","South Lagoon","S.Lagoon",1,16.0031,28.83118,1.8016,0.06928,31.03026,104.35264,135.3829,"2015.34.2",39.974596289229,43.8648339159468,3.79205767620708,0.653029430931764,0,0,39.3215668582972,0,0,7.49883030599845,0,0,7.46902333534067,0,0.792080729596673,0,8.46327416983901,1.84429615721237,14.1294412214473,2.45424261399698,1.2136453825154,0.0498740404026584,0,0,0,0,10.2877156733623,2.03092240485213,0,3.79205767620708,41,0,0,128,0,1,0,97,8,43,7,2,0,0,0,0,3,0
"18","2015","M3","34",3,"Medium",1212.82819,34.8256829078771,"Leeward","Leeward","Leeward","South Lagoon","S.Lagoon",1,16.00392,29.63807,1.85193,0.07234,13.06869,136.25805,149.32673,"2015.34.3",39.9584839325784,52.3444626573744,0.453083164020141,4.03852650072943,0,0,35.919957431849,0,0,5.41761813902035,0.44264979367854,0,6.48662626224258,0,2.57094488787657,0.507449145285182,12.5113665947097,1.42411756646572,20.3548620411683,2.62882822692743,0,0.853099832422579,0,0.972227680131358,0.10209708869608,0,4.86635508582759,0.450190558949386,0,0.453083164020141,36,2,0,214,0,29,8,135,3,89,27,0,4,5,0,0,1,0
"19","2015","VL1","15",1,"Very Low",0,0,"Windward","Windward","Bay of Wrecks","Bay of Wrecks","BOW",1,15.98005,33.30464,2.08414,0.08435,-44.0828,-85.80637,-129.88917,"2015.15.1",23.4038650634523,76.5204186876246,0,6.19237635297361,0,11.9841947638754,3.87829068881864,0,1.34900325778466,6.39516899855518,0,0,1.3800728996844,0.016886896823496,48.7008174594526,0,0.532043417560687,0.896185865779771,9.86561989556229,4.04119553483969,4.6924277193665,0,0,0,0,0,0.0757162489231012,0,0,0,34,0,0,18,1,91,0,3,4,10,19,22,0,0,0,0,0,0
"20","2015","VL1","15",2,"Very Low",0,0,"Windward","Windward","Bay of Wrecks","Bay of Wrecks","BOW",1,16.00737,44.13456,2.75714,0.10977,-9.93691,-401.93005,-411.86695,"2015.15.2",24.740662685795,71.8607921822527,0,3.60050709995516,0,3.18677888177603,16.5965827018366,0,1.35679400222726,4.34636318270979,0,0,1.25492938387705,0.167209846796538,31.2759911052055,0,0.459814589159049,0.181023268559085,1.69851382694168,1.64498993999467,30.8319570390094,0,0,0,0,0,3.39854513195221,0,0,0,31,0,0,32,2,59,0,7,1,3,15,32,0,0,0,0,0,0
"21","2015","VL1","15",3,"Very Low",0,0,"Windward","Windward","Bay of Wrecks","Bay of Wrecks","BOW",1,16.00391,44.80773,2.7998,0.11092,1.40888,-346.24354,-344.83466,"2015.15.3",39.318746656898,60.6105253174154,0,8.79987223969353,0,3.90417452177826,26.6146998954262,0,0,7.72531859008054,0,0,2.92086752297146,0.427029827170571,30.9040734906674,0.0345517651984499,0.235870467993975,0,4.44602492563092,4.62646261589602,9.29032611180614,0,0,0,0,0,0.0707280256865195,0,0,0,72,0,0,93,5,143,1,6,0,14,40,37,0,0,0,0,0,0
"22","2015","VL3","19",1,"Very Low",0,0,"Windward","Windward","Bay of Wrecks","Bay of Wrecks","BOW",1,16.00236,41.1023,2.56851,0.11073,2.93432,-458.81829,-455.88397,"2015.19.1",67.7529598086867,31.9582107018124,0,20.8891566846244,0,0.253856777214263,42.2953933870894,0,4.3145529597587,19.3745014498336,0,0,3.06115894457266,0,1.72608486953123,0.0171958020748185,0.118696023333304,0,2.06701414017303,4.35174388052517,1.24181559176866,0.00533619730083393,0,0.0797367842575431,0,0.123376130802068,0.0803803771404306,0,0,0,119,0,0,42,0,19,1,2,0,8,48,2,1,0,1,0,0,0
"23","2015","VL3","19",2,"Very Low",0,0,"Windward","Windward","Bay of Wrecks","Bay of Wrecks","BOW",1,16.00487,34.78813,2.1736,0.09081,-6.91428,-297.13655,-304.05083,"2015.19.2",35.8258923272488,63.4748055317955,0,7.47379748818722,0,2.03677160165735,26.0417970763737,0,0.273526161030593,9.97477766941017,0,0,0.960365194658119,0,45.166525855419,0,0.133477068257346,0.113517355017516,1.36883650927043,3.20025108632067,2.55705479344227,0.699302140955682,0,0,0,0,0,0,0,0,64,0,0,31,0,102,0,2,1,5,23,9,0,0,0,0,0,0
"24","2015","VL3","5",1,"Very Low",0,0,"Leeward","South Shore","Vaskess Bay","Vaskess Bay","Vaskes",1,16.00663,37.82685,2.3632,0.09005,28.43096,-284.45926,-256.0283,"2015.5.1",32.1196986948433,55.1842376157166,12.4152690132692,5.97292156777736,0,0.218817191471009,25.9279599355949,0,0,7.42650317421427,0.0480089678378023,0.0444668618177588,19.4985439882714,0,9.33844079616548,0.375038435286223,6.01278431647911,3.55684293027499,4.34105395833159,4.54255418703794,0,0.223671188609587,0,0,0.0571234875613356,0,0,0,12.4152690132692,0,38,1,1,188,0,41,10,61,8,16,50,0,0,3,0,20,0,0
"25","2015","VL3","5",2,"Very Low",0,0,"Leeward","South Shore","Vaskess Bay","Vaskess Bay","Vaskes",1,16.02239,35.68076,2.22693,0.08478,-10.46839,-417.36999,-427.83836,"2015.5.2",17.5182254431618,36.7357780380992,23.6450387039075,0.974029094553868,0,0.0450292175026665,16.4428416026282,0.0563255284770014,0,2.07882703101118,0,0.0996509377498373,4.47648463795323,0,2.95585139546887,0.921747770226794,5.15503718733091,0.307209730055614,16.5154750098765,4.22549433842624,0,2.76149243615244,0,0,0.0304875575191304,0,19.0119285299256,0.2970492912345,10.0962558034017,13.5487829005057,6,0,4,114,0,13,11,55,1,39,20,0,0,1,0,24,30,0
"26","2015","VL3","5",3,"Very Low",0,0,"Leeward","South Shore","Vaskess Bay","Vaskess Bay","Vaskes",1,16.01333,31.64109,1.97592,0.07094,10.22411,-134.63692,-124.41281,"2015.5.3",18.7082053955244,60.396928905694,16.9366526705373,1.91970553497375,0,0.588165843987455,16.2003340165632,0,0,5.18087173590402,0,0,4.97746365311277,0.459055811634088,14.03713066923,1.45745927764438,8.36768993812721,11.9511348590157,6.97976489474557,6.98635806628023,0,2.49186920221563,0,0,0,0.791386620769202,0.674957205259478,0,16.9366526705373,0,24,0,0,88,1,32,35,70,43,16,37,0,0,0,1,19,0,0
"74","2017","VH1","27",1,"Very High",7276,85.2994724485445,"Leeward","Leeward","Leeward","North Lagoon","N.Lagoon",1,15.99916,22.12574,1.38293,0.03328,2.36308,172.73832,175.10139,"2017.27.1",19.8332958416903,0.474544820306066,0,0,0,0,19.8332958416903,0,0,0.0184385129658061,0,0,0.0328205530791348,0,0,0.314273515401252,0.0161758886628834,0,0.0532779269561122,0.0395584232408768,0,2.78650308351315,0,0,0,0,64.8464875039072,12.0591687505832,0,0,1,0,0,2,0,0,1,1,0,2,1,0,0,0,0,0,0,0
"75","2017","VH1","27",2,"Very High",7276,85.2994724485445,"Leeward","Leeward","Leeward","North Lagoon","N.Lagoon",1,16.00492,21.70407,1.35609,0.02947,-13.25693,229.09551,215.83859,"2017.27.2",19.0566852932016,0,0,0,0,0,19.0566852932016,0,0,0,0,0,0,0,0,0,0,0,0,0,0,0.0385880738734185,0,0,0,0,72.5106896649754,8.39403696794959,0,0,0,0,0,0,0,0,0,0,0,0,0,0,0,0,0,0,0,0
"76","2017","VH1","27",3,"Very High",7276,85.2994724485445,"Leeward","Leeward","Leeward","North Lagoon","N.Lagoon",1,16.00605,20.04707,1.25247,0.02906,3.41371,282.15821,285.57192,"2017.27.3",17.6429842989572,0.0175119663020537,0,0.201090852431039,0,0,17.4418934465262,0,0,0,0,0,0,0,0,0,0.0175119663020537,0,0,0,0,0,0,0,0,0,77.4913942711442,4.84810946359654,0,0,0,0,0,0,0,0,0,1,0,0,0,0,0,0,0,0,0,0
"77","2017","VH2","32",1,"Very High",4860.7457,69.7190483297069,"Leeward","Leeward","Leeward","Mid Lagoon","N.Lagoon",1,16.011,26.42526,1.65044,0.04613,8.40187,183.18164,191.58351,"2017.32.1",47.8104839818335,8.68136633698013,0,2.17533749753173,0,0,45.6351464843018,0,0,0.0298567525751293,0,0,0.349145289531765,0,0,0.194400077984988,0.331848619140815,0,7.29454579993351,0.481569797813921,0,3.95301404479638,0,0,0,0,30.9115932682958,8.64354236809414,0,0,1,0,0,8,0,0,3,6,0,21,4,0,0,0,0,0,0,0
"78","2017","VH2","32",2,"Very High",4860.7457,69.7190483297069,"Leeward","Leeward","Leeward","Mid Lagoon","N.Lagoon",1,16.01346,24.00475,1.49904,0.04968,-0.79867,273.86548,273.0668,"2017.32.2",29.4306958723719,2.25137842969354,0,3.36209859733188,0,0,26.06859727504,0,0,0.0681149425445307,0,0,0.344160038446685,0,0,0,0.322922917433259,0,0.751244417213736,0.764936114055333,0,1.19042807977137,0,0,0,0,67.1274976181632,0,0,0,2,0,0,7,0,0,0,7,0,6,4,0,0,0,0,0,0,0
"79","2017","VH2","32",3,"Very High",4860.7457,69.7190483297069,"Leeward","Leeward","Leeward","Mid Lagoon","N.Lagoon",1,16.00488,23.44271,1.46472,0.05064,5.88784,216.34786,222.2357,"2017.32.3",52.5538038892085,14.7372445317159,0,2.53258726589197,0,0,50.0212166233165,0,0,0,0,0,0.223100834320684,0,0,0,0.414478211261615,0,7.9314326194702,6.16823286666337,0,8.41796929031941,0,0,0,0,24.137666815896,0.153315472860301,0,0,0,0,0,1,0,0,0,4,0,13,9,0,0,0,0,0,0,0
"80","2017","VH3","30",1,"Very High",5085.68478,71.3139872675761,"Leeward","Leeward","Leeward","North Lagoon","N.Lagoon",1,16.00278,32.87309,2.05421,0.04329,13.6836,91.71023,105.39384,"2017.30.1",41.832470772221,0.0879183545907488,0.0372853013485338,0.421468962430187,0,0,41.4110018097908,0,0,0.0319001309250104,0,0,0,0,0,0.0396448153260083,0.0163734083397302,0,0,0,0,0.462470965215534,0,0,0,0,53.7431354641176,3.83671914250655,0.0372853013485338,0,1,0,0,0,0,0,2,2,0,0,0,0,0,0,0,1,0,0
"81","2017","VH3","30",2,"Very High",5085.68478,71.3139872675761,"Leeward","Leeward","Leeward","North Lagoon","N.Lagoon",1,16.00015,27.19796,1.69986,0.05336,4.0591,304.50746,308.56657,"2017.30.2",38.6753531064495,0.287726194453632,0,1.35425867797425,0,0,37.3210944284753,0,0,0.0113574486287738,0,0,0.087431749944321,0,0,0.00428948169761826,0.184647514182918,0,0,0,0,0,0,0,0,0,61.0197190657971,0.0172016332997647,0,0,1,0,0,11,0,0,1,9,0,0,0,0,0,0,0,0,0,0
"82","2017","VH3","30",3,"Very High",5085.68478,71.3139872675761,"Leeward","Leeward","Leeward","North Lagoon","N.Lagoon",1,16.01308,26.74248,1.67004,0.04572,1.29156,224.09641,225.38796,"2017.30.3",32.3063152471467,0.175512739497008,0,0.320510217176943,0,0,31.9858050299698,0,0,0.121611190828727,0,0,0.0331831604239297,0,0.0054482613236051,0,0.0152701269207464,0,0,0,0,0.464226853605343,0,0,0.0236924391503561,0,50.5202777163738,16.5099750042268,0,0,2,0,0,1,0,1,0,3,0,0,0,0,0,1,0,0,0,0
"83","2017","M1","8",1,"Medium",1212.82819,34.8256829078771,"Leeward","Leeward","Leeward","South Lagoon","S.Lagoon",1,16.00918,27.0783,1.69142,0.04896,23.96221,76.85112,100.81334,"2017.8.1",67.1107007877729,8.93023354595259,0,3.42878452225943,0,0,63.6819162655135,0,0,0.133205863806452,0,0,1.40373057622702,0,0,0.246766595529842,3.73233148365097,0,2.56743449254188,0.846764534196428,0,3.56191542848719,0,0,0.08633239126232,0,19.9518584950829,0.358959351442043,0,0,5,0,0,65,0,0,2,69,0,22,19,0,0,3,0,0,0,0
"84","2017","M1","8",2,"Medium",1212.82819,34.8256829078771,"Leeward","Leeward","Leeward","South Lagoon","S.Lagoon",1,16.00633,26.3957,1.64908,0.03515,23.53224,-26.76793,-50.30017,"2017.8.2",39.1221612585957,18.27094564902,0,6.82106250782781,0,0,31.9505316974245,0,0.350567053343399,0.0383480540345882,0,0,2.1351726739975,0,0,0.212485324326528,10.15748063467,0.344514070062813,2.44238812365951,2.94055676826912,0,42.6068930923842,0,0,0,0,0,0,0,0,1,0,0,29,0,0,2,57,3,15,29,0,0,0,0,0,0,0
"85","2017","M1","8",3,"Medium",1212.82819,34.8256829078771,"Leeward","Leeward","Leeward","South Lagoon","S.Lagoon",1,16.01662,24.44879,1.52646,0.03451,5.32557,117.22381,122.54938,"2017.8.3",62.1350479922091,3.78676866777494,0.0150843895423723,3.31794134545013,0,2.6466298189661,56.1704768277928,0,0,0.0419316060292105,0,0,0.576622018288823,0,0,0.29658057617623,0.743187144204142,0.279498254244139,1.69016963569826,0.158779433134135,0,23.3940650669139,0,0,0.0133174680852153,0,3.28734176219385,7.36837465328069,0.0150843895423723,0,3,0,0,28,0,0,4,28,2,28,6,0,0,1,0,1,0,0
"86","2017","M2","35",1,"Medium",1212.82819,34.8256829078771,"Leeward","Leeward","Leeward","South Lagoon","S.Lagoon",1,16.00533,24.85408,1.55286,0.04088,17.33294,119.59736,136.9303,"2017.35.1",42.5296023611072,8.54506820150601,0,6.73855490905718,0,0,35.79104745205,0,0,0.00847188829226182,0,0,1.44896719016578,0,0,0.105527685806776,1.90674838579047,0.00666405341017504,4.91380118603942,0.154887812001131,0,44.2045676132739,0,0,0,0,0.708559063337059,4.01220276077582,0,0,1,0,0,94,0,0,3,58,1,36,9,0,0,0,0,0,0,0
"87","2017","M2","35",2,"Medium",1212.82819,34.8256829078771,"Leeward","Leeward","Leeward","South Lagoon","S.Lagoon",1,16.00509,27.13813,1.69559,0.0523,17.12185,244.27292,261.39478,"2017.35.2",55.1307524250001,5.52814009330702,0,4.4222185345818,0,0,50.7085338904183,0,0,0.205983932866013,0,0,1.11984909792328,0,0,0.287050954745303,1.52662692550571,0,1.88171047419024,0.506918708076468,0,32.3101047169827,0,0,0,0,5.79586736810667,1.23513539660354,0,0,4,0,0,60,0,0,5,40,0,21,11,0,0,0,0,0,0,0
"88","2017","M2","35",3,"Medium",1212.82819,34.8256829078771,"Leeward","Leeward","Leeward","South Lagoon","S.Lagoon",1,16.00465,30.07905,1.87939,0.05905,24.17648,39.08425,63.26074,"2017.35.3",38.5466815112518,4.03522593535719,0,8.25211575283431,0,0,30.2945657584174,0,0,0.100291988785679,0,0,1.31960079155982,0,0,0.111507796596649,0.666984458209906,0.0923090090682067,1.44792920329429,0.29660268784264,0,51.497458978539,0,0,0,0,2.55172323671987,3.36891033813214,0,0,4,0,0,35,0,0,2,19,2,15,4,0,0,0,0,0,0,0
"89","2017","M3","34",1,"Medium",1212.82819,34.8256829078771,"Leeward","Leeward","Leeward","South Lagoon","S.Lagoon",1,16.0096,25.03343,1.56365,0.04137,-12.64641,112.1564,99.51,"2017.34.1",49.2538833744531,17.9412452076965,0,5.95250614357421,0,0,43.3013772308789,0,0,0.668702354033712,0,0,3.09383065929385,0,0,0.247371307740236,4.13026514961857,0,8.08481310177724,1.71626263523288,0,4.84012790857656,0,0,0,0,22.8462412831832,5.1185022260907,0,0,9,0,0,99,0,0,1,63,0,44,19,0,0,0,0,0,0,0
"90","2017","M3","34",2,"Medium",1212.82819,34.8256829078771,"Leeward","Leeward","Leeward","South Lagoon","S.Lagoon",1,16.00545,25.48372,1.59219,0.04954,16.52561,102.89498,119.42059,"2017.34.2",60.957095907439,15.9805679044173,0,9.5793838625774,0,0,50.6288114516166,0,0.748900593244981,0.165972698939913,0,0,1.68963529972511,0,0,0.175340513825896,5.8691421179955,0.107954698746062,6.79308970019995,1.17943287498489,0,9.18537981368291,0,0,0,0,10.2280363461225,3.64892002833826,0,0,2,0,0,56,0,0,1,97,1,32,6,0,0,0,0,0,0,0
"91","2017","M3","34",3,"Medium",1212.82819,34.8256829078771,"Leeward","Leeward","Leeward","South Lagoon","S.Lagoon",1,16.00554,23.90772,1.49372,0.0407,10.57697,106.05317,116.63014,"2017.34.3",44.4563711675626,10.8943308085059,0,6.73587608211018,0,0,37.7204950854524,0,0,0.0697032509009114,0,0,1.43137124719665,0,0.0874163709327201,0.236110393710318,2.49448323127782,0,5.94970335832886,0.625542956158591,0,41.0952816582828,0,0,0.0496979182274688,0,2.70854591211357,0.795772535307726,0,0,6,0,0,87,0,1,2,45,0,53,12,0,0,1,0,0,0,0
"92","2017","VL1","15",1,"Very Low",0,0,"Windward","Windward","Bay of Wrecks","Bay of Wrecks","BOW",1,15.97992,33.45057,2.09329,0.06262,19.88904,139.57547,159.46451,"2017.15.1",62.9674382324686,6.67579087700356,0,20.1272433765785,0,0,38.1219419237943,0,4.71825293209584,0.101716611738069,0,0,0.201105554949653,0,0,0,0.0194660666287607,0,5.22482743810607,1.128675205581,0,0.0525477427027748,0,0,0,0,30.304223147825,0,0,0,3,0,0,15,0,0,0,2,0,8,15,0,0,0,0,0,0,0
"93","2017","VL1","15",2,"Very Low",0,0,"Windward","Windward","Bay of Wrecks","Bay of Wrecks","BOW",1,16.00776,33.78148,2.11032,0.06277,-9.03247,109.241,100.20853,"2017.15.2",90.8019332525982,3.27553834755354,0,9.68694177740462,0,13.5675469918443,32.0136196004883,0,35.533824882861,0.0967035534463538,0,0,0.495962242210407,0,0,0,0.319916635038768,0,1.41601631832161,0.946939598536401,0,0,0,0,0,0,5.92252839984824,0,0,0,2,0,0,19,0,0,0,2,0,2,10,0,0,0,0,0,0,0
"94","2017","VL1","15",3,"Very Low",0,0,"Windward","Windward","Bay of Wrecks","Bay of Wrecks","BOW",1,16.00493,40.29302,2.51754,0.08272,5.47032,-34.42839,-28.95806,"2017.15.3",91.7743182089812,7.21059629923477,0,49.721277110311,0,20.3669352090251,18.7347327174784,0,2.95137317216668,0.0371734646937366,0.058178034155979,0,0.808519733268208,0,1.1122800447656,0.0265337318578654,0.23473012470729,0,1.56076696292356,3.37241420286253,0,0.971401985038024,0,0,0,0,0.0341308634658627,0.00955264328012155,0,0,4,2,0,41,0,4,1,3,0,12,38,0,0,0,0,0,0,0
"95","2017","VL3","19",1,"Very Low",0,0,"Windward","Windward","Bay of Wrecks","Bay of Wrecks","BOW",1,16.00482,29.14894,1.82126,0.05562,-3.07101,20.52698,17.45597,"2017.19.1",97.4880606466355,0.898490425867917,0,13.9116373823052,0,0,72.6344866195205,0,10.9419366448097,0,0,0,0.304807700418217,0,0,0,0,0,0.045923593761764,0.547759131687936,0,0.155396693938617,0,0,0,0,1.43786459662683,0.0201876369311918,0,0,0,0,0,37,0,0,0,0,0,3,12,0,0,0,0,0,0,0
"96","2017","VL3","19",2,"Very Low",0,0,"Windward","Windward","Bay of Wrecks","Bay of Wrecks","BOW",1,16.00368,32.29352,2.01788,0.08233,2.94116,44.81083,47.75199,"2017.19.2",86.8594713158368,1.05843343082256,0,18.7369855616074,0,33.2869898749686,31.8538514889505,0,2.98164439031029,0,0,0,0.315875068865848,0,0,0,0.113561300959559,0,0.0771484353710565,0.551848625626099,0,1.15885844482931,0,0,0,0,10.9232368085114,0,0,0,0,0,0,15,0,0,0,1,0,1,13,0,0,0,0,0,0,0
"97","2017","VL3","19",3,"Very Low",0,0,"Windward","Windward","Bay of Wrecks","Bay of Wrecks","BOW",1,16.00214,31.3072,1.95644,0.07606,-8.95963,134.53407,125.57444,"2017.19.3",62.6426798225304,3.89052825371788,0,14.0328755532661,0,8.94493999887276,13.4887362560028,0,26.1761280143887,0.0623289441548015,0,0,0.527792461218707,0,0.399027578591674,0,0.0675094992968489,0,1.38827018704738,1.44559958340847,0,11.1412332305274,0,0,0,0,22.3255586932243,0,0,0,2,0,0,11,0,3,0,2,0,5,9,0,0,0,0,0,0,0
"98","2017","VL3","5",1,"Very Low",0,0,"Leeward","South Shore","Vaskess Bay","Vaskess Bay","Vaskes",1,16.0064,30.73891,1.92041,0.04279,-10.00335,99.75357,89.75023,"2017.5.1",82.4618181590998,9.50145255305723,0,11.9388865634157,0,4.59482828636224,64.0860911016287,1.84201220769322,0,0,0,0,1.25909173263028,0,0.805614039471958,0,2.62446036872981,0.0384161236513123,2.54228647470059,2.23158381387329,0,7.79676127524787,0,0,0,0,0.239968012595041,0,0,0,0,0,0,61,0,1,0,37,3,12,33,0,0,0,0,0,0,0
"99","2017","VL3","5",2,"Very Low",0,0,"Leeward","South Shore","Vaskess Bay","Vaskess Bay","Vaskes",1,16.02332,26.72448,1.66785,0.04741,-10.70502,2.74082,-7.96421,"2017.5.2",43.7475430373728,15.7498738871001,0,3.16322919171476,0,0.967139125354693,39.6171747203033,0,0,0.536997870793613,0,0,1.57354823816082,0,0.0263303389723779,0.600998256231332,1.80212728419123,0.296380136951463,8.03954680862125,2.87394495317799,0,30.2078324364438,0,0,0.0364717944903001,0,9.66424542796662,0.594033416626408,0,0,3,0,0,47,0,1,7,28,4,23,9,0,0,1,0,0,0,0
"100","2017","VL3","5",3,"Very Low",0,0,"Leeward","South Shore","Vaskess Bay","Vaskess Bay","Vaskes",1,16.01441,27.25503,1.70191,0.04922,8.38089,63.00224,71.38313,"2017.5.3",65.7031633974619,12.5770474270151,0.105122503777635,8.46839040930588,0,5.27413994524638,46.3259606876179,5.63467235529171,0,0,0,0,0.246174611757023,0,1.45125253759855,0.779842255674789,2.91730402583285,1.51777288406383,5.01719394536839,0.64750716671967,0,18.2862702766698,0,0,0,0,3.32839639507553,0,0,0.105122503777635,0,0,0,14,0,2,12,27,7,10,10,0,0,0,0,0,1,0
"101","2017","VL4","37",1,"Very Low",0,0,"Leeward","South Shore","Vaskess Bay","Vaskess Bay","Vaskes",1,16.00379,25.91964,1.61959,0.042,-26.02746,207.29625,181.26879,"2017.37.1",25.3047458973612,4.55223840028563,0,2.32979984200108,0,0.0669586495347667,22.9079874058253,0,0,0.216284685983241,0,0.0255812533776908,0.32307735854751,0,0,0.115171876467415,1.12329445553514,0,2.52213412637302,0.226694644001618,0,28.4422672538649,0,0,0,0,40.5287221426618,1.17202630582645,0,0,6,0,1,29,0,0,2,30,0,23,7,0,0,0,0,0,0,0
"102","2017","VL4","37",2,"Very Low",0,0,"Leeward","South Shore","Vaskess Bay","Vaskess Bay","Vaskes",1,16.00322,25.43161,1.58916,0.0402,7.07201,182.91322,189.98523,"2017.37.2",56.3548024733893,12.1307783158424,0,3.79168089724033,0,0,52.563121576149,0,0,0.220684799572914,0,0,0.628607083332865,0,0,0,0.435621134704392,0.0407516142250501,10.4413046165043,0.363809067502843,0,20.2021472514155,0,0,0,0,9.56022747423595,1.75204448511691,0,0,3,0,0,28,0,0,0,9,1,22,5,0,0,0,0,0,0,0
"103","2017","VL4","37",3,"Very Low",0,0,"Leeward","South Shore","Vaskess Bay","Vaskess Bay","Vaskes",1,16.00576,30.46148,1.90316,0.04898,-0.67385,157.82688,157.15303,"2017.37.3",67.908435486747,9.46044054100896,0,9.32880455733285,0,0.252494423480126,57.4987213771864,0.828415128747602,0,0.295954478653653,0,0,0.721633098418281,0,0,0.424622732857738,1.67108785466398,0.0884258425633885,5.77197766118176,0.486738872670161,0,5.30042106770534,0,0,0,0,17.1745690950524,0.156133809486263,0,0,1,0,0,20,0,0,5,19,1,19,9,0,0,0,0,0,0,0
"104","2019","VH1","27",1,"Very High",7276,85.2994724485445,"Leeward","Leeward","Leeward","North Lagoon","N.Lagoon",1,15.99823,25.04808,1.56568,0.0559,7.37452,221.80973,229.18425,"2019.27.1",13.7748806048471,0.844716175415061,0,0,0,0,13.7748806048471,0,0,0.252321714780149,0,0,0.13595159743127,0,0,0.339885243651613,0.0274065720272213,0,0.0891510475248084,0,0,2.22200110851303,0,0,0,0,71.7640494775814,11.3943526336434,0,0,4,0,0,9,0,0,3,3,0,5,0,0,0,0,0,0,0,0
"105","2019","VH1","27",2,"Very High",7276,85.2994724485445,"Leeward","Leeward","Leeward","North Lagoon","N.Lagoon",1,16.00581,25.09437,1.56783,0.04897,21.52295,244.96518,266.48813,"2019.27.2",9.20484452348368,0.10984551841593,0,0,0,0,9.20484452348368,0,0,0,0,0,0.0555100347585907,0,0,0,0.0543354836573397,0,0,0,0,1.15598944528388,0,0,0,0,82.016498069644,7.5128224431725,0,0,0,0,0,6,0,0,0,3,0,0,0,0,0,0,0,0,0,0
"106","2019","VH1","27",3,"Very High",7276,85.2994724485445,"Leeward","Leeward","Leeward","North Lagoon","N.Lagoon",1,16.00729,21.46642,1.34104,0.03956,-0.88431,383.45155,382.56725,"2019.27.3",9.02433188670983,0.0587666071733118,0,0.0442483128105206,0,0,8.98008357389931,0,0,0.0122630859871597,0,0,0.0294426511754883,0,0,0,0,0,0.0170608700106638,0,0,0.744012609176137,0,0,0,0,87.5437907116651,2.62909818527568,0,0,1,0,0,2,0,0,0,0,0,1,0,0,0,0,0,0,0,0
"107","2019","VH2","32",1,"Very High",4860.7457,69.7190483297069,"Leeward","Leeward","Leeward","Mid Lagoon","N.Lagoon",1,16.01162,30.36501,1.89644,0.06962,12.31658,6.96363,19.28021,"2019.32.1",50.3601309335388,0.0927236682924587,0,0.927854965618798,0,0,49.43227596792,0,0,0,0,0,0.0650008715287877,0,0,0.0277227967636711,0,0,0,0,0,0.0921303667172056,0,0,0,0,47.5404870556273,1.91452797582427,0,0,0,0,0,1,0,0,1,0,0,0,0,0,0,0,0,0,0,0
"108","2019","VH2","32",2,"Very High",4860.7457,69.7190483297069,"Leeward","Leeward","Leeward","Mid Lagoon","N.Lagoon",1,16.01488,25.40271,1.58619,0.0572,14.1018,350.78267,364.88447,"2019.32.2",22.9038166082899,2.50292008801277,0,1.82629429227043,0,0,21.0775223160195,0,0,0.339284334328322,0,0,0.843781585350563,0,0,0,0.144809627503784,0,0.467726350785517,0.707318190044582,0,10.0022845936488,0,0,0,0,60.4209862010419,4.16999250900672,0,0,9,0,0,19,0,0,0,6,0,5,6,0,0,0,0,0,0,0
"109","2019","VH2","32",3,"Very High",4860.7457,69.7190483297069,"Leeward","Leeward","Leeward","Mid Lagoon","N.Lagoon",1,16.00661,25.73142,1.60755,0.05389,8.0252,164.82042,172.84561,"2019.32.3",42.869206471911,8.96052270789807,0.00220405790720094,2.20877110447708,0,0,40.6604353674339,0,0,0.367841076715909,0,0,2.88621382947964,0,0,0.020558754829315,0.329326098710414,0,3.87102301410024,1.48555993406256,0,10.896563437892,0,0,0,0,32.6097153876365,4.66178793675524,0.00220405790720094,0,16,0,0,18,0,0,3,11,0,25,12,0,0,0,0,1,0,0
"110","2019","VH3","30",1,"Very High",5085.68478,71.3139872675761,"Leeward","Leeward","Leeward","North Lagoon","N.Lagoon",1,16.00415,28.58532,1.78612,0.04828,20.5435,361.38339,381.92689,"2019.30.1",50.3601309335388,0.0927236682924587,0,0.927854965618798,0,0,49.43227596792,0,0,0,0,0,0.0650008715287877,0,0,0.0277227967636711,0,0,0,0,0,0.0921303667172056,0,0,0,0,47.5404870556273,1.91452797582427,0,0,0,0,0,1,0,0,1,0,0,0,0,0,0,0,0,0,0,0
"111","2019","VH3","30",2,"Very High",5085.68478,71.3139872675761,"Leeward","Leeward","Leeward","North Lagoon","N.Lagoon",1,15.99712,26.53789,1.65892,0.0628,2.89791,450.93306,453.83096,"2019.30.2",23.6514860674426,0.224979709928467,0,0.193728191841487,0,0,23.4577578756011,0,0,0.0483602412754566,0,0,0.014698516199151,0,0,0,0.161920952453859,0,0,0,0,0.0363778909839651,0,0,0,0,62.2668671093039,13.8202892223411,0,0,3,0,0,3,0,0,0,3,0,0,0,0,0,0,0,0,0,0
"112","2019","VH3","30",3,"Very High",5085.68478,71.3139872675761,"Leeward","Leeward","Leeward","North Lagoon","N.Lagoon",1,16.01165,29.73723,1.85722,0.07077,-5.53521,256.98639,251.45118,"2019.30.3",23.4781291348736,0.249088844103319,0,0,0,0,23.4781291348736,0,0,0.15087017418477,0,0,0.0306238341140266,0,0,0,0.0461606508095762,0,0.021434184994946,0,0,0,0,0,0,0,66.1348185872055,10.1379634338177,0,0,1,0,0,3,0,0,0,2,0,1,0,0,0,0,0,0,0,0
"113","2019","M1","8",1,"Medium",1212.82819,34.8256829078771,"Leeward","Leeward","Leeward","South Lagoon","S.Lagoon",1,16.01205,27.35463,1.70838,0.05554,25.39155,132.95338,158.34493,"2019.8.1",70.1006181076378,17.1817376323836,0.0121011476108975,4.36726545909119,0,0.0960723721059181,65.6372802764407,0,0,1.21116377698172,0,0.0530939412463683,4.61382790269878,0,0,0.574673384531137,4.34333790612682,1.18871608572208,2.97091915646634,2.22600547861038,0,0.46142337719427,0,0,0.0115828838071284,0,11.9940480836415,0.238488767724778,0.0121011476108975,0,46,0,2,191,0,0,10,116,9,46,67,0,0,1,0,1,0,0
"114","2019","M1","8",2,"Medium",1212.82819,34.8256829078771,"Leeward","Leeward","Leeward","South Lagoon","S.Lagoon",1,15.9991,26.53835,1.65874,0.07157,39.30504,-70.47534,-31.1703,"2019.8.2",56.1687545216178,19.6051103774377,0.530496938290159,8.61563050837973,0,0,47.5531240132381,0,0,0.502955039630356,0,0,2.8215769604336,0,0,0.4113110893052,7.1855314724586,0.925513965553766,4.17958616954518,3.57863568051098,0,19.6100316962912,0,0,0.0254871855851823,0,4.06011928077798,0,0,0.530496938290159,25,0,0,153,0,0,10,128,8,29,53,0,0,1,0,0,1,0
"115","2019","M1","8",3,"Medium",1212.82819,34.8256829078771,"Leeward","Leeward","Leeward","South Lagoon","S.Lagoon",1,16.01658,25.93679,1.61937,0.04052,0.02482,155.04336,155.06818,"2019.8.3",65.5901057926281,7.51107930008018,0,2.78464382973734,0,0,62.8054619628907,0,0,0.356257046504778,0,0,1.53942677460163,0,0,0.0183994237053255,1.55302499137468,0.288890306843949,3.29687454539938,0.458206211650438,0,3.57528835649255,0,0,0,0,13.5890264263674,9.7345001244318,0,0,13,0,0,88,0,0,1,49,3,25,24,0,0,0,0,0,0,0
"116","2019","M2","35",1,"Medium",1212.82819,34.8256829078771,"Leeward","Leeward","Leeward","South Lagoon","S.Lagoon",1,16.00657,26.60769,1.6623,0.05431,1.60496,136.47952,138.08448,"2019.35.1",58.7421485632348,16.7850549157863,0,8.34562043848053,0,0,50.3965281247542,0,0,0.316440455881635,0,0,3.02185644109676,0,0,0.14333515872712,3.50053353260046,0.158351401442071,8.61074706994315,1.03379085609511,0,8.03509528286972,0,0,0.00426001561214519,0,5.6404168294103,10.7930243930868,0,0,17,0,0,156,0,0,17,103,2,57,21,0,0,1,0,0,0,0
"117","2019","M2","35",2,"Medium",1212.82819,34.8256829078771,"Leeward","Leeward","Leeward","South Lagoon","S.Lagoon",1,16.00755,30.49906,1.90529,0.06807,10.09763,231.47278,241.57041,"2019.35.2",69.9078319252481,10.433026797676,0,4.56353648170755,0,0,65.3442954435406,0,0,0.677381256368115,0,0,3.09658396716739,0,0,0.221662858082302,2.35898202111653,0.092351716311518,2.97352538326118,1.01253959536893,0,7.53203358416855,0,0,0.0151473055160927,0,10.8439154179457,1.26804496944554,0,0,19,0,0,276,0,0,6,88,1,50,21,0,0,1,0,0,0,0
"118","2019","M2","35",3,"Medium",1212.82819,34.8256829078771,"Leeward","Leeward","Leeward","South Lagoon","S.Lagoon",1,16.00397,34.47717,2.15429,0.07997,36.10453,63.95583,100.06036,"2019.35.3",70.4074771101001,8.84976999673312,0,9.25001172991983,0,0,61.1574653801803,0,0,0.711735923799442,0,0,2.97376427715548,0,0,0.104066724157331,0.94692159734081,0.167149014714849,3.46805778830128,0.478074671263921,0,7.31045464794403,0,0,0.0323002319681456,0,4.39310019563195,9.00689781762264,0,0,30,0,0,217,0,0,5,39,2,56,11,0,0,1,0,0,0,0
"119","2019","M3","34",1,"Medium",1212.82819,34.8256829078771,"Leeward","Leeward","Leeward","South Lagoon","S.Lagoon",1,16.00771,28.7114,1.7936,0.06343,-9.41942,232.28089,222.86147,"2019.34.1",50.2421273473101,24.8444891758408,0,4.29874757977057,0,0,45.9433797675395,0,0,1.66297491363592,0,0,4.52313868049431,0.0410885037769697,0.0349364477654604,0.209088874271609,5.21020553165202,0,11.3964188551603,1.76663736908415,0,7.8328263860498,0,0,0.0170724229133981,0,11.3325671208322,5.73091754705372,0,0,29,0,0,246,1,1,4,94,0,61,20,0,0,1,0,0,0,0
"120","2019","M3","34",2,"Medium",1212.82819,34.8256829078771,"Leeward","Leeward","Leeward","South Lagoon","S.Lagoon",1,16.00646,28.05779,1.7529,0.0631,18.53515,203.95548,222.49062,"2019.34.2",59.6364525950479,24.828793577183,0,6.67751121338583,0,0,52.4398324753047,0,0.519108906357304,1.07931747449044,0,0.0152491677146695,4.43457791571927,0,0,0.220428874564569,7.88172693044874,0.631081901899187,8.97041505285889,1.59599625948723,0,6.0782645260192,0.0700299754532754,0,0.0153241328980272,0,4.63587817433041,4.73525701906821,0,0,21,0,3,239,0,0,3,133,5,55,27,0,0,2,0,0,0,1
"121","2019","M3","34",3,"Medium",1212.82819,34.8256829078771,"Leeward","Leeward","Leeward","South Lagoon","S.Lagoon",1,16.0061,27.42212,1.71323,0.06227,-0.17006,253.54151,253.37145,"2019.34.3",58.2861733081641,26.2217217146227,0,6.29614844156192,0,0,51.9900248666022,0,0,1.40858051172452,0,0.00288674277128681,3.63541513516736,0,0.192187086924761,0.317298018763453,6.59355167897521,0.18997516713897,11.6818607019146,2.12597982891613,0.0739868423264222,10.0087370831539,0,0,0.0653141172906082,0,4.81228767678878,0.605766099979899,0,0,29,0,1,178,0,1,5,125,2,60,27,2,0,4,0,0,0,0
"122","2019","VL3","5",1,"Very Low",0,0,"Leeward","South Shore","Vaskess Bay","Vaskess Bay","Vaskes",1,16.00676,37.61888,2.35019,0.08341,6.67165,135.07258,141.74423,"2019.5.1",80.7823783228931,15.5377902118523,0.0554785194107656,14.0738945139679,0.161906061996621,0,66.5465777469286,0,0,0.375660798834451,0,0,4.17122870238679,0.141007903502363,0,0.194612148608711,3.50492418716628,0.463070704811481,3.04965671104219,3.63762905550007,0,1.28802004473893,0,0,0,0,2.19681816946501,0.139514731639843,0,0.0554785194107656,17,0,0,174,2,0,9,60,13,13,52,0,0,0,0,0,1,0
"123","2019","VL3","5",2,"Very Low",0,0,"Leeward","South Shore","Vaskess Bay","Vaskess Bay","Vaskes",1,16.02338,31.82561,1.9862,0.06876,12.99001,-9.98158,3.00843,"2019.5.2",48.2327501341942,21.2631706566106,0.106139204070098,2.40610260197898,0,0,45.7167726572339,0.109874874981314,0,0.667787035326038,0,0,2.93843882508348,0,0,0.683421971844267,2.7591952229812,0,9.96087648693267,4.25345111444293,0,10.4212558302815,0,0,0,0,19.7903683677108,0.186315807132861,0,0.106139204070098,18,0,0,202,0,0,17,44,0,33,14,0,0,0,0,0,3,0
"124","2019","VL3","5",3,"Very Low",0,0,"Leeward","South Shore","Vaskess Bay","Vaskess Bay","Vaskes",1,16.01611,30.95609,1.93281,0.06695,-4.19426,22.86646,18.6722,"2019.5.3",67.5312884638256,21.872878295188,0.161230055779668,6.53650682363679,0,0.709449704494807,57.1343566109161,3.15097532477789,0,0.515224456273878,0,0,2.87972175407063,0.138648483204448,0.0391634516904495,1.08193639638183,3.7781461946117,4.63142621953446,6.11833880287698,2.69027253654366,0,7.24726759538092,0,0,0,0,3.18733558982574,0,0.0228125701381959,0.138417485641472,16,0,0,151,1,1,28,51,19,8,35,0,0,0,0,1,2,0
"125","2019","VL4","37",1,"Very Low",0,0,"Leeward","South Shore","Vaskess Bay","Vaskess Bay","Vaskes",1,16.00458,29.84515,1.86479,0.06835,14.73712,274.16811,288.90523,"2019.37.1",32.9949301364064,9.3265900068359,0.121357138497749,2.16439491375722,0,0,30.8305352226491,0,0,0.750662647956915,0,0.0690149619664966,1.42275893307416,0,0,0.149011848547141,1.94987882089612,0.15553978439571,3.86341984003996,0.966303169959401,0,1.83499339678987,0,0,0,0,52.2917708715756,3.43035844989447,0.121357138497749,0,23,0,1,104,0,0,6,94,1,75,18,0,0,0,0,2,0,0
"126","2019","VL4","37",2,"Very Low",0,0,"Leeward","South Shore","Vaskess Bay","Vaskess Bay","Vaskes",1,16.00275,30.41518,1.90062,0.060067,-0.38502,118.53327,118.14825,"2019.37.2",52.9151566520686,18.3779735381953,0.108201021916575,3.28183962713224,0,0,49.6333170249364,0,0,1.48793885106521,0,0,1.50142964314701,0,0,0.0480324638025692,1.19150351038401,0.271913438183611,13.0643182408557,0.812837390757203,0,1.16513372521348,0,0,0,0,26.7732041779878,0.660330884618268,0,0.108201021916575,19,0,0,58,0,0,2,31,3,30,11,0,0,0,0,0,3,0
"127","2019","VL4","37",3,"Very Low",0,0,"Leeward","South Shore","Vaskess Bay","Vaskess Bay","Vaskes",1,16.00956,33.6178,2.09986,0.07258,4.91253,82.97602,87.88855,"2019.37.3",47.1348477609195,14.2663255801593,1.25775805552993,7.95245100873983,0,0,38.5346655145733,0.647731237606403,0,0.358129603764852,0,0,1.82114717630765,0,0.0209482861176556,0.503526180460564,2.31617676186284,0.766490178291874,7.03175574273433,1.44815165061952,0,0.720451360082136,0,0,0,0,36.6206172433091,0,1.25775805552993,0,12,0,0,75,0,1,8,40,6,25,27,0,0,0,0,2,0,0
