"","year","pub.site","site","ppq","hum_dist","sqrt.hdist.cont","island.side","region.3","DEM","area_3d","rug","vrm","vrm.range","curv","mean.pro.curv","pro.range.log","mean.plan.curv","plan.range.log","fractal.dimension","Dead_Branching","Dead_Columnar","Dead_Foliose","Dead_Massive","Dead_SoftCoral","Dead_Tabulate","Live_Branching","Live_Columnar","Live_Encrusting","Live_Encrusting_Columnar","Live_Foliose","Live_FreeLiving","Live_Massive","Live_Porites","Live_SubMassive","Live_Tabulate","Macroalgae","NonCoral_SubMassive","Rubble","Sand","SoftCoral_Nodular","SoftCoral_Plating"
"1","2015","VH1","27",1,"Very High",85.2994724485445,"Leeward","Leeward",1,24.52567,1.53297,0.04484,0.720403423,-13.73462,286.98938,13.6348271711968,273.25477,13.5362879779614,2.13600296702173,0.544494214748968,0,0,6.56008029914682,0,0,0.442501548421048,0,1.16694385122158,0,0.672211607751668,0.238734963441013,0.417120568093964,0.349752533879328,0,0,0.332008972404668,0,79.6447975240263,9.63135391686463,0,0
"2","2015","VH1","27",2,"Very High",85.2994724485445,"Leeward","Leeward",1,24.4374,1.52683,0.04193,0.589031629,5.20763,219.90472,13.0086218319383,225.11235,13.290795166612,2.13532374003722,0,0,0,3.71683359767582,0,0,0.161679144115092,0,0,0,0,0.0778096499209222,0.0724182626963733,0,0,0,0.662259764658139,0,90.1361915640471,5.1728080168866,0,0
"3","2015","VH1","27",3,"Very High",85.2994724485445,"Leeward","Leeward",1,23.67035,1.47893,0.04562,0.552933174,6.4818,230.87942,13.0944602111828,237.36122,12.9900179598618,2.14261216524079,0.0865594534017759,0,0,9.47008744665034,0,0,0.0248864671999047,0,0.258479614168604,0,0,0.0504472290454666,0.166975333365342,0.151066974502984,0,0,0.0423182324839323,0,86.94439447935,2.80478476983171,0,0
"4","2015","VH2","32",1,"Very High",69.7190483297069,"Leeward","Leeward",1,29.16348,1.82177,0.06613,0.880818041,11.92347,-6.66107,13.9436509923255,5.2624,13.9025708634902,2.20563488025056,0.472822745797671,0,0,37.4217428649307,0,0,1.21196188218647,0.0491006794977031,0.39537817920343,0,0.737765341464534,0.244935145951661,0.537684599790122,0.110946429179154,0.00127388256613652,0,0.294822635269624,0.0258773007552438,55.0691190571271,3.42656925628051,0,0
"5","2015","VH2","32",2,"Very High",69.7190483297069,"Leeward","Leeward",1,25.65525,1.60182,0.06237,0.722550987,-5.27156,178.06504,13.0345771095734,172.79348,12.8868848432757,2.18201110036527,0.478124514167728,0,0,24.4190647919967,0,0,1.25026769553325,0,2.29518872300958,0,0.109812922186294,0.0367125302737893,0.8861206031594,0,0.0611563323183276,0,0.0955275022430232,0,70.2923765931396,0,0.0756477919723183,0
"6","2015","VH2","32",3,"Very High",69.7190483297069,"Leeward","Leeward",1,24.53674,1.53312,0.05346,0.692087627,-3.01614,185.98534,12.9813815491408,182.9692,12.8360276065484,2.1629264896585,0.0417720469533802,0,0,19.8291207146556,0,0,0.774688413704955,0,1.01404986492809,0,0.425998657121781,0.00907164405867604,0.491568150507322,0.0315508281655055,0,0,1.13644833514402,0.124691371985576,70.0014038556612,6.11963611711393,0,0
"7","2015","VH3","30",1,"Very High",71.3139872675761,"Leeward","Leeward",1,37.65534,2.3532,0.076,0.84522906,51.41088,-47.73393,14.0812474939604,3.67696,13.975880030639,2.20825463478923,1.21547309957269,0.0832301426304504,0,33.2277201768684,0,0,4.21158364301976,0,11.2698651326248,0.310978191744715,0.439408761699718,0.191090122194545,4.74538391649201,15.7665562855063,3.32537093313847,1.33059732218177,0.0590741962302133,0,20.6334868884154,3.09251608998657,0,0.0976650976940923
"8","2015","VH3","30",2,"Very High",71.3139872675761,"Leeward","Leeward",1,30.39497,1.89991,0.05724,0.856003425,5.43773,224.84395,14.0728303415593,230.28169,13.9847084056246,2.172955157043,0.249112158818575,0,0,8.95077097205217,0,0,3.82615211015684,0,4.00547263373903,0,0.19676843239129,0,2.640725068372,3.32905225495636,1.7379191660187,0,0,0,73.1506606622871,1.91336654120789,0,0
"9","2015","VH3","30",3,"Very High",71.3139872675761,"Leeward","Leeward",1,28.66715,1.79045,0.0592,0.806189329,-16.91448,300.99317,13.6415136177609,284.0787,13.3434354347356,2.17333938539497,1.06320263443373,0,0,17.4365991357554,0,0,2.65406999721794,0,7.89887603386027,0,1.02312100233955,0.0089934717975305,4.877878611159,15.641085166622,1.48117812613391,0,0.0489568506293252,0,41.4430009939498,4.90819501332216,0.0259659268784064,1.48887703590107
"10","2015","M1","8",1,"Medium",34.8256829078771,"Leeward","Leeward",1,28.69766,1.79262,0.07319,0.758149352,28.69497,34.64098,13.4628614726566,63.33595,13.0993263958951,2.20890392007308,4.32273693881102,0.898590777156546,0.0335940501983226,44.3783786490035,0,0,2.39607935905957,0.224118875875992,9.04191245771017,0.15898972527727,3.75812784513694,0.639695050134489,11.3401259902047,6.81829674160243,2.65886143205278,0,0.070110682632602,0.145565873251301,8.82251226921301,0.273927938008714,1.43395527385284,2.44202710804542
"11","2015","M1","8",2,"Medium",34.8256829078771,"Leeward","Leeward",1,33.49165,2.09196,0.0909,0.893453319,46.04387,-212.06297,14.0211794886116,-166.01911,14.0192972176274,2.23735950047647,3.11946007915433,0,0.0624215553610304,32.2937797988132,0,0,7.31658202947504,0,9.85044497375003,0,8.70226061093052,0.72549287201926,22.5759603310204,6.37990268258414,5.49642593811122,0,1.29606860999613,0,1.61926286476464,0,0.561937654020066,0
"12","2015","M1","8",3,"Medium",34.8256829078771,"Leeward","Leeward",1,28.51803,1.78084,0.06025,0.778192913,-2.54636,103.79142,13.080942668482,101.24506,13.199004633711,2.18910236932898,1.77078488742399,0,0,40.2390932074735,0,0,1.39237602301525,0,5.91491145732122,0.612310502082373,3.23631995755826,0.268670293730202,8.592965941204,20.365821461952,1.18513784822982,0,0.516365746279729,0,8.40516649240709,4.55427557057313,1.78091950106979,1.14742809357364
"13","2015","M2","35",1,"Medium",34.8256829078771,"Leeward","Leeward",1,26.39876,1.64931,0.05375,0.677982296,21.92695,131.0193,13.1994825947336,152.94625,12.8399360163427,2.15492738146246,1.74777126725333,0,0,36.4333216824828,0,0,4.24961806762678,0.198283108172056,14.8002784959345,0,0.991652930844861,0.30477125757032,11.6570476869626,13.0203034031416,0.995988421615857,0,0.133544360535414,0.266389045326806,12.7131769870401,2.487853285493,0,0
"14","2015","M2","35",2,"Medium",34.8256829078771,"Leeward","Leeward",1,31.04983,1.94004,0.06925,0.814766504,48.29471,104.35529,13.6473443892557,152.65,13.8854130365133,2.19177543990821,0.653029430931764,0,0,39.3215668582972,0,0,7.49883030599845,0,7.46902333534067,0,0.792080729596673,0,10.3075703270514,14.1294412214473,2.45424261399698,1.2136453825154,0.0498740404026584,0,10.2877156733623,2.03092240485213,0,3.79205767620708
"15","2015","M2","35",3,"Medium",34.8256829078771,"Leeward","Leeward",1,35.81899,2.23798,0.08512,0.887038161,-7.87282,-60.11308,14.1246472472053,-67.9859,14.1064751978666,2.26794173641745,4.03852650072943,0,0,35.919957431849,0,0,5.41761813902035,0.44264979367854,6.48662626224258,0,2.57094488787657,0.507449145285182,13.9354841611755,20.3548620411683,2.62882822692743,0,0.853099832422579,0,4.86635508582759,0.450190558949386,0,0.453083164020141
"16","2015","M3","34",1,"Medium",34.8256829078771,"Leeward","Leeward",1,30.87631,1.92882,0.06978,0.786008358,-1.99482,95.1055,13.7298285129848,93.11068,13.9118298591616,2.2076607832672,3.7632652056799,0.583962914479416,0,40.2394212348345,0,0,4.3013340326956,0.464724479018101,14.9128177851706,0,0.622268363365501,0.281778954263119,10.5450160226452,11.5450174591777,2.1292220858488,0,1.51553544215874,0,4.41935453850866,0.525277442812426,0.0232655791783247,4.12663920058346
"17","2015","M3","34",2,"Medium",34.8256829078771,"Leeward","Leeward",1,28.83118,1.8016,0.06928,0.766596315,31.03026,104.35264,12.9818171525601,135.3829,13.1386229094627,2.20188103285967,4.16641048020091,0,0,43.0418193787941,0,0,2.09573650734618,0,11.9766797834137,0,4.06385466404332,0.524351210899697,11.8971682522734,9.10015566139597,2.81923832889443,0,1.48440686709696,0,6.17260044508962,0.130892538650415,0,2.52668588190129
"18","2015","M3","34",3,"Medium",34.8256829078771,"Leeward","Leeward",1,29.63807,1.85193,0.07234,0.814504708,13.06869,136.25805,13.8376647992241,149.32673,13.8055557037139,2.21678125052879,2.80281071848766,0,0,41.5839286646764,0,0,2.95928585723591,0,12.0538013133643,0,2.68771082699775,0.168249344829456,6.34809600156706,7.70996876118862,0.814119203186694,0,1.08704967253341,16.4911404252406,3.22518928051293,0,1.92238743171897,0
"19","2015","VL1","15",1,"Very Low",0,"Windward","Windward",1,33.30464,2.08414,0.08435,0.839392851,-44.0828,-85.80637,13.9924565987761,-129.88917,13.8753976137281,2.2284227306166,6.19237635297361,0,11.9841947638754,3.87829068881864,0,1.34900325778466,6.39516899855518,0,1.3800728996844,0.016886896823496,48.7008174594526,0,1.42822928334046,9.86561989556229,4.04119553483969,4.6924277193665,0,0,0.0757162489231012,0,0,0
"20","2015","VL1","15",2,"Very Low",0,"Windward","Windward",1,44.13456,2.75714,0.10977,0.857060786,-9.93691,-401.93005,14.2639778821814,-411.86695,14.2071762657966,2.30724752442449,3.60050709995516,0,3.18677888177603,16.5965827018366,0,1.35679400222726,4.34636318270979,0,1.25492938387705,0.167209846796538,31.2759911052055,0,0.640837857718134,1.69851382694168,1.64498993999467,30.8319570390094,0,0,3.39854513195221,0,0,0
"21","2015","VL1","15",3,"Very Low",0,"Windward","Windward",1,44.80773,2.7998,0.11092,0.854229261,1.40888,-346.24354,13.9008629137055,-344.83466,13.9174385078531,2.32557302558508,8.79987223969353,0,3.90417452177826,26.6146998954262,0,0,7.72531859008054,0,2.92086752297146,0.427029827170571,30.9040734906674,0.0345517651984499,0.235870467993975,4.44602492563092,4.62646261589602,9.29032611180614,0,0,0.0707280256865195,0,0,0
"22","2015","VL3","19",1,"Very Low",0,"Windward","Windward",1,41.1023,2.56851,0.11073,0.864695986,2.93432,-458.81829,13.9175429227169,-455.88397,14.1441568498219,2.27885553489002,20.8891566846244,0,0.253856777214263,42.2953933870894,0,4.3145529597587,19.3745014498336,0,3.06115894457266,0,1.72608486953123,0.0171958020748185,0.118696023333304,2.06701414017303,4.35174388052517,1.24181559176866,0.00533619730083393,0.123376130802068,0.0803803771404306,0,0,0
"23","2015","VL3","19",2,"Very Low",0,"Windward","Windward",1,34.78813,2.1736,0.09081,0.804128339,-6.91428,-297.13655,13.8755196669092,-304.05083,13.6822413810154,2.2689122785597,7.47379748818722,0,2.03677160165735,26.0417970763737,0,0.273526161030593,9.97477766941017,0,0.960365194658119,0,45.166525855419,0,0.246994423274862,1.36883650927043,3.20025108632067,2.55705479344227,0.699302140955682,0,0,0,0,0
"24","2015","VL3","5",1,"Very Low",0,"Leeward","South Shore",1,37.82685,2.3632,0.09005,0.851236025,28.43096,-284.45926,13.5949358528376,-256.0283,13.6524617455151,2.27443564448026,5.97292156777736,0,0.218817191471009,25.9279599355949,0,0,7.47097003603203,0.0480089678378023,19.4985439882714,0,9.33844079616548,0.375038435286223,9.5696272467541,4.34105395833159,4.54255418703794,0,0.223671188609587,0,0,0,12.4152690132692,0
"25","2015","VL3","5",2,"Very Low",0,"Leeward","South Shore",1,35.68076,2.22693,0.08478,0.876683716,-10.46839,-417.36999,14.0335200525346,-427.83836,14.187901143004,2.2345372949807,0.974029094553868,0,0.0450292175026665,16.4428416026282,0.0563255284770014,0,2.17847796876102,0,4.47648463795323,0,2.95585139546887,0.921747770226794,5.46224691738652,16.5154750098765,4.22549433842624,0,2.76149243615244,0,19.0119285299256,0.2970492912345,10.0962558034017,13.5487829005057
"26","2015","VL3","5",3,"Very Low",0,"Leeward","South Shore",1,31.64109,1.97592,0.07094,0.790454006,10.22411,-134.63692,13.2647628438442,-124.41281,13.3370935603428,2.23236978336103,1.91970553497375,0,0.588165843987455,16.2003340165632,0,0,5.18087173590402,0,4.97746365311277,0.459055811634088,14.03713066923,1.45745927764438,20.3188247971429,6.97976489474557,6.98635806628023,0,2.49186920221563,0.791386620769202,0.674957205259478,0,16.9366526705373,0
"74","2017","VH1","27",1,"Very High",85.2994724485445,"Leeward","Leeward",1,22.12574,1.38293,0.03328,0.637380444,2.36308,172.73832,13.2466563994423,175.10139,12.6957737724653,2.09688805846909,0,0,0,19.8332958416903,0,0,0.0184385129658061,0,0.0328205530791348,0,0,0.314273515401252,0.0161758886628834,0.0532779269561122,0.0395584232408768,0,2.78650308351315,0,64.8464875039072,12.0591687505832,0,0
"75","2017","VH1","27",2,"Very High",85.2994724485445,"Leeward","Leeward",1,21.70407,1.35609,0.02947,0.537683019,-13.25693,229.09551,13.2317606283121,215.83859,12.8691609492871,2.09088357368745,0,0,0,19.0566852932016,0,0,0,0,0,0,0,0,0,0,0,0,0.0385880738734185,0,72.5106896649754,8.39403696794959,0,0
"76","2017","VH1","27",3,"Very High",85.2994724485445,"Leeward","Leeward",1,20.04707,1.25247,0.02906,0.571936146,3.41371,282.15821,13.2923486859532,285.57192,12.9361554787975,2.08637413413764,0.201090852431039,0,0,17.4418934465262,0,0,0,0,0,0,0,0,0.0175119663020537,0,0,0,0,0,77.4913942711442,4.84810946359654,0,0
"77","2017","VH2","32",1,"Very High",69.7190483297069,"Leeward","Leeward",1,26.42526,1.65044,0.04613,0.728532581,8.40187,183.18164,13.5362010046183,191.58351,12.8635865362521,2.16057895205739,0.421468962430187,0,0,41.4110018097908,0,0,0.0319001309250104,0,0,0,0,0.0396448153260083,0.0163734083397302,0,0,0,0.462470965215534,0,53.7431354641176,3.83671914250655,0.0372853013485338,0
"78","2017","VH2","32",2,"Very High",69.7190483297069,"Leeward","Leeward",1,24.00475,1.49904,0.04968,0.563885182,-0.79867,273.86548,12.6908825735372,273.0668,12.3624460876186,2.1532860383957,1.35425867797425,0,0,37.3210944284753,0,0,0.0113574486287738,0,0.087431749944321,0,0,0.00428948169761826,0.184647514182918,0,0,0,0,0,61.0197190657971,0.0172016332997647,0,0
"79","2017","VH2","32",3,"Very High",69.7190483297069,"Leeward","Leeward",1,23.44271,1.46472,0.05064,0.720729021,5.88784,216.34786,12.7610739637289,222.2357,12.5288109632298,2.14586592998708,0.320510217176943,0,0,31.9858050299698,0,0,0.121611190828727,0,0.0331831604239297,0,0.0054482613236051,0,0.0152701269207464,0,0,0,0.464226853605343,0,50.5202777163738,16.5099750042268,0,0
"80","2017","VH3","30",1,"Very High",71.3139872675761,"Leeward","Leeward",1,32.87309,2.05421,0.04329,0.867480917,13.6836,91.71023,13.8511017054753,105.39384,13.639512962707,2.17243870237486,2.17533749753173,0,0,45.6351464843018,0,0,0.0298567525751293,0,0.349145289531765,0,0,0.194400077984988,0.331848619140815,7.29454579993351,0.481569797813921,0,3.95301404479638,0,30.9115932682958,8.64354236809414,0,0
"81","2017","VH3","30",2,"Very High",71.3139872675761,"Leeward","Leeward",1,27.19796,1.69986,0.05336,0.669265247,4.0591,304.50746,13.4833992549545,308.56657,13.2607546798381,2.14188571627756,3.36209859733188,0,0,26.06859727504,0,0,0.0681149425445307,0,0.344160038446685,0,0,0,0.322922917433259,0.751244417213736,0.764936114055333,0,1.19042807977137,0,67.1274976181632,0,0,0
"82","2017","VH3","30",3,"Very High",71.3139872675761,"Leeward","Leeward",1,26.74248,1.67004,0.04572,0.636812102,1.29156,224.09641,13.6615462567174,225.38796,13.3446810378445,2.13443419512314,2.53258726589197,0,0,50.0212166233165,0,0,0,0,0.223100834320684,0,0,0,0.414478211261615,7.9314326194702,6.16823286666337,0,8.41796929031941,0,24.137666815896,0.153315472860301,0,0
"83","2017","M1","8",1,"Medium",34.8256829078771,"Leeward","Leeward",1,27.0783,1.69142,0.04896,0.705036185,23.96221,76.85112,13.4235337443818,100.81334,13.2967373419214,2.14033939597654,3.42878452225943,0,0,63.6819162655135,0,0,0.133205863806452,0,1.40373057622702,0,0,0.246766595529842,3.73233148365097,2.56743449254188,0.846764534196428,0,3.56191542848719,0,19.9518584950829,0.358959351442043,0,0
"84","2017","M1","8",2,"Medium",34.8256829078771,"Leeward","Leeward",1,26.3957,1.64908,0.03515,0.635325669,23.53224,-26.76793,13.4751175640295,-50.30017,13.0518131218956,2.12315886407065,6.82106250782781,0,0,31.9505316974245,0,0.350567053343399,0.0383480540345882,0,2.1351726739975,0,0,0.212485324326528,10.5019947047328,2.44238812365951,2.94055676826912,0,42.6068930923842,0,0,0,0,0
"85","2017","M1","8",3,"Medium",34.8256829078771,"Leeward","Leeward",1,24.44879,1.52646,0.03451,0.642025551,5.32557,117.22381,13.6590777031556,122.54938,13.0511550625626,2.10900995812193,3.31794134545013,0,2.6466298189661,56.1704768277928,0,0,0.0419316060292105,0,0.576622018288823,0,0,0.29658057617623,1.02268539844828,1.69016963569826,0.158779433134135,0,23.3940650669139,0,3.28734176219385,7.36837465328069,0.0150843895423723,0
"86","2017","M2","35",1,"Medium",34.8256829078771,"Leeward","Leeward",1,24.85408,1.55286,0.04088,0.562182979,17.33294,119.59736,13.1664496085506,136.9303,12.9110697283473,2.12687870741661,5.95250614357421,0,0,43.3013772308789,0,0,0.668702354033712,0,3.09383065929385,0,0,0.247371307740236,4.13026514961857,8.08481310177724,1.71626263523288,0,4.84012790857656,0,22.8462412831832,5.1185022260907,0,0
"87","2017","M2","35",2,"Medium",34.8256829078771,"Leeward","Leeward",1,27.13813,1.69559,0.0523,0.591057973,17.12185,244.27292,13.3319633267924,261.39478,13.2274575545172,2.14727409538667,9.5793838625774,0,0,50.6288114516166,0,0.748900593244981,0.165972698939913,0,1.68963529972511,0,0,0.175340513825896,5.97709681674156,6.79308970019995,1.17943287498489,0,9.18537981368291,0,10.2280363461225,3.64892002833826,0,0
"88","2017","M2","35",3,"Medium",34.8256829078771,"Leeward","Leeward",1,30.07905,1.87939,0.05905,0.711966347,24.17648,39.08425,13.376857668248,63.26074,13.2447932111522,2.19303882845698,6.73587608211018,0,0,37.7204950854524,0,0,0.0697032509009114,0,1.43137124719665,0,0.0874163709327201,0.236110393710318,2.49448323127782,5.94970335832886,0.625542956158591,0,41.0952816582828,0,2.70854591211357,0.795772535307726,0,0
"89","2017","M3","34",1,"Medium",34.8256829078771,"Leeward","Leeward",1,25.03343,1.56365,0.04137,0.57468637,-12.64641,112.1564,12.977921430733,99.51,12.864088396787,2.14224308246516,6.73855490905718,0,0,35.79104745205,0,0,0.00847188829226182,0,1.44896719016578,0,0,0.105527685806776,1.91341243920064,4.91380118603942,0.154887812001131,0,44.2045676132739,0,0.708559063337059,4.01220276077582,0,0
"90","2017","M3","34",2,"Medium",34.8256829078771,"Leeward","Leeward",1,25.48372,1.59219,0.04954,0.561435135,16.52561,102.89498,13.1172739482029,119.42059,12.685722036047,2.15932018314916,4.4222185345818,0,0,50.7085338904183,0,0,0.205983932866013,0,1.11984909792328,0,0,0.287050954745303,1.52662692550571,1.88171047419024,0.506918708076468,0,32.3101047169827,0,5.79586736810667,1.23513539660354,0,0
"91","2017","M3","34",3,"Medium",34.8256829078771,"Leeward","Leeward",1,23.90772,1.49372,0.0407,0.595123896,10.57697,106.05317,13.3696894112928,116.63014,13.0132813970119,2.13066796392749,8.25211575283431,0,0,30.2945657584174,0,0,0.100291988785679,0,1.31960079155982,0,0,0.111507796596649,0.759293467278113,1.44792920329429,0.29660268784264,0,51.497458978539,0,2.55172323671987,3.36891033813214,0,0
"92","2017","VL1","15",1,"Very Low",0,"Windward","Windward",1,33.45057,2.09329,0.06262,0.814488109,19.88904,139.57547,13.6122200693165,159.46451,13.3694391059878,2.21560979522559,20.1272433765785,0,0,38.1219419237943,0,4.71825293209584,0.101716611738069,0,0.201105554949653,0,0,0,0.0194660666287607,5.22482743810607,1.128675205581,0,0.0525477427027748,0,30.304223147825,0,0,0
"93","2017","VL1","15",2,"Very Low",0,"Windward","Windward",1,33.78148,2.11032,0.06277,0.7985345,-9.03247,109.241,13.8445430082118,100.20853,13.7286473859554,2.21650745481653,9.68694177740462,0,13.5675469918443,32.0136196004883,0,35.533824882861,0.0967035534463538,0,0.495962242210407,0,0,0,0.319916635038768,1.41601631832161,0.946939598536401,0,0,0,5.92252839984824,0,0,0
"94","2017","VL1","15",3,"Very Low",0,"Windward","Windward",1,40.29302,2.51754,0.08272,0.847449068,5.47032,-34.42839,13.7015848545894,-28.95806,13.4802814110268,2.30019500072426,49.721277110311,0,20.3669352090251,18.7347327174784,0,2.95137317216668,0.0371734646937366,0.058178034155979,0.808519733268208,0,1.1122800447656,0.0265337318578654,0.23473012470729,1.56076696292356,3.37241420286253,0,0.971401985038024,0,0.0341308634658627,0.00955264328012155,0,0
"95","2017","VL3","19",1,"Very Low",0,"Windward","Windward",1,29.14894,1.82126,0.05562,0.769008398,-3.07101,20.52698,13.2255721674401,17.45597,12.9289113183144,2.20620461172386,13.9116373823052,0,0,72.6344866195205,0,10.9419366448097,0,0,0.304807700418217,0,0,0,0,0.045923593761764,0.547759131687936,0,0.155396693938617,0,1.43786459662683,0.0201876369311918,0,0
"96","2017","VL3","19",2,"Very Low",0,"Windward","Windward",1,32.29352,2.01788,0.08233,0.786955415,2.94116,44.81083,13.463236274187,47.75199,13.3306891862135,2.23311046527995,18.7369855616074,0,33.2869898749686,31.8538514889505,0,2.98164439031029,0,0,0.315875068865848,0,0,0,0.113561300959559,0.0771484353710565,0.551848625626099,0,1.15885844482931,0,10.9232368085114,0,0,0
"97","2017","VL3","19",3,"Very Low",0,"Windward","Windward",1,31.3072,1.95644,0.07606,0.789212918,-8.95963,134.53407,13.7952870277769,125.57444,13.6292981039978,2.21376026924538,14.0328755532661,0,8.94493999887276,13.4887362560028,0,26.1761280143887,0.0623289441548015,0,0.527792461218707,0,0.399027578591674,0,0.0675094992968489,1.38827018704738,1.44559958340847,0,11.1412332305274,0,22.3255586932243,0,0,0
"98","2017","VL3","5",1,"Very Low",0,"Leeward","South Shore",1,30.73891,1.92041,0.04279,0.724276638,-10.00335,99.75357,13.4134452110631,89.75023,12.9392043702867,2.17756882017996,11.9388865634157,0,4.59482828636224,64.0860911016287,1.84201220769322,0,0,0,1.25909173263028,0,0.805614039471958,0,2.66287649238113,2.54228647470059,2.23158381387329,0,7.79676127524787,0,0.239968012595041,0,0,0
"99","2017","VL3","5",2,"Very Low",0,"Leeward","South Shore",1,26.72448,1.66785,0.04741,0.747653301,-10.70502,2.74082,13.5041381986192,-7.96421,13.4474747155752,2.16117802128783,3.16322919171476,0,0.967139125354693,39.6171747203033,0,0,0.536997870793613,0,1.57354823816082,0,0.0263303389723779,0.600998256231332,2.09850742114269,8.03954680862125,2.87394495317799,0,30.2078324364438,0,9.66424542796662,0.594033416626408,0,0
"100","2017","VL3","5",3,"Very Low",0,"Leeward","South Shore",1,27.25503,1.70191,0.04922,0.649055688,8.38089,63.00224,13.4354163233024,71.38313,13.2765811443526,2.13999410639378,8.46839040930588,0,5.27413994524638,46.3259606876179,5.63467235529171,0,0,0,0.246174611757023,0,1.45125253759855,0.779842255674789,4.43507690989668,5.01719394536839,0.64750716671967,0,18.2862702766698,0,3.32839639507553,0,0,0.105122503777635
"101","2017","VL4","37",1,"Very Low",0,"Leeward","South Shore",1,25.91964,1.61959,0.042,0.702591458,-26.02746,207.29625,13.7307863022087,181.26879,13.3754578386195,2.12156893509652,2.32979984200108,0,0.0669586495347667,22.9079874058253,0,0,0.241865939360932,0,0.32307735854751,0,0,0.115171876467415,1.12329445553514,2.52213412637302,0.226694644001618,0,28.4422672538649,0,40.5287221426618,1.17202630582645,0,0
"102","2017","VL4","37",2,"Very Low",0,"Leeward","South Shore",1,25.43161,1.58916,0.0402,0.732900151,7.07201,182.91322,13.3268427313283,189.98523,13.3807933744736,2.1495337181033,3.79168089724033,0,0,52.563121576149,0,0,0.220684799572914,0,0.628607083332865,0,0,0,0.476372748929442,10.4413046165043,0.363809067502843,0,20.2021472514155,0,9.56022747423595,1.75204448511691,0,0
"103","2017","VL4","37",3,"Very Low",0,"Leeward","South Shore",1,30.46148,1.90316,0.04898,0.75314334,-0.67385,157.82688,14.0361051133469,157.15303,14.0692967414399,2.13277628626746,9.32880455733285,0,0.252494423480126,57.4987213771864,0.828415128747602,0,0.295954478653653,0,0.721633098418281,0,0,0.424622732857738,1.75951369722737,5.77197766118176,0.486738872670161,0,5.30042106770534,0,17.1745690950524,0.156133809486263,0,0
"104","2019","VH1","27",1,"Very High",85.2994724485445,"Leeward","Leeward",1,25.04808,1.56568,0.0559,0.630180104,7.37452,221.80973,13.1699027001692,229.18425,12.6032459716323,2.1673297584314,0,0,0,13.7748806048471,0,0,0.252321714780149,0,0.13595159743127,0,0,0.339885243651613,0.0274065720272213,0.0891510475248084,0,0,2.22200110851303,0,71.7640494775814,11.3943526336434,0,0
"105","2019","VH1","27",2,"Very High",85.2994724485445,"Leeward","Leeward",1,25.09437,1.56783,0.04897,0.785572108,21.52295,244.96518,13.1700129807148,266.48813,13.3708649783931,2.15727548579268,0,0,0,9.20484452348368,0,0,0,0,0.0555100347585907,0,0,0,0.0543354836573397,0,0,0,1.15598944528388,0,82.016498069644,7.5128224431725,0,0
"106","2019","VH1","27",3,"Very High",85.2994724485445,"Leeward","Leeward",1,21.46642,1.34104,0.03956,0.616792959,-0.88431,383.45155,12.6506302534444,382.56725,12.3440638972445,2.1250946206115,0.0442483128105206,0,0,8.98008357389931,0,0,0.0122630859871597,0,0.0294426511754883,0,0,0,0,0.0170608700106638,0,0,0.744012609176137,0,87.5437907116651,2.62909818527568,0,0
"107","2019","VH2","32",1,"Very High",69.7190483297069,"Leeward","Leeward",1,30.36501,1.89644,0.06962,0.722958132,12.31658,6.96363,13.5621687187311,19.28021,13.1970677944637,2.21701397965494,0.927854965618798,0,0,49.43227596792,0,0,0,0,0.0650008715287877,0,0,0.0277227967636711,0,0,0,0,0.0921303667172056,0,47.5404870556273,1.91452797582427,0,0
"108","2019","VH2","32",2,"Very High",69.7190483297069,"Leeward","Leeward",1,25.40271,1.58619,0.0572,0.705684,14.1018,350.78267,12.993084323672,364.88447,13.091971500024,2.1615039816768,0.193728191841487,0,0,23.4577578756011,0,0,0.0483602412754566,0,0.014698516199151,0,0,0,0.161920952453859,0,0,0,0.0363778909839651,0,62.2668671093039,13.8202892223411,0,0
"109","2019","VH2","32",3,"Very High",69.7190483297069,"Leeward","Leeward",1,25.73142,1.60755,0.05389,0.776802841,8.0252,164.82042,13.3017028881487,172.84561,13.2401129403227,2.15407805771393,0,0,0,23.4781291348736,0,0,0.15087017418477,0,0.0306238341140266,0,0,0,0.0461606508095762,0.021434184994946,0,0,0,0,66.1348185872055,10.1379634338177,0,0
"110","2019","VH3","30",1,"Very High",71.3139872675761,"Leeward","Leeward",1,28.58532,1.78612,0.04828,0.766896039,20.5435,361.38339,13.7147331004773,381.92689,13.722919861441,2.17175162883883,0.927854965618798,0,0,49.43227596792,0,0,0,0,0.0650008715287877,0,0,0.0277227967636711,0,0,0,0,0.0921303667172056,0,47.5404870556273,1.91452797582427,0,0
"111","2019","VH3","30",2,"Very High",71.3139872675761,"Leeward","Leeward",1,26.53789,1.65892,0.0628,0.753118544,2.89791,450.93306,13.3692235042421,453.83096,13.3870039673836,2.17514510030212,1.82629429227043,0,0,21.0775223160195,0,0,0.339284334328322,0,0.843781585350563,0,0,0,0.144809627503784,0.467726350785517,0.707318190044582,0,10.0022845936488,0,60.4209862010419,4.16999250900672,0,0
"112","2019","VH3","30",3,"Very High",71.3139872675761,"Leeward","Leeward",1,29.73723,1.85722,0.07077,0.81116904,-5.53521,256.98639,13.5334725278976,251.45118,13.5790283235131,2.18640549643473,2.20877110447708,0,0,40.6604353674339,0,0,0.367841076715909,0,2.88621382947964,0,0,0.020558754829315,0.329326098710414,3.87102301410024,1.48555993406256,0,10.896563437892,0,32.6097153876365,4.66178793675524,0.00220405790720094,0
"113","2019","M1","8",1,"Medium",34.8256829078771,"Leeward","Leeward",1,27.35463,1.70838,0.05554,0.76327767,25.39155,132.95338,13.1101894817262,158.34493,13.7474985446715,2.16821952775349,4.36726545909119,0,0.0960723721059181,65.6372802764407,0,0,1.26425771822809,0,4.61382790269878,0,0,0.574673384531137,5.5320539918489,2.97091915646634,2.22600547861038,0,0.46142337719427,0,11.9940480836415,0.238488767724778,0.0121011476108975,0
"114","2019","M1","8",2,"Medium",34.8256829078771,"Leeward","Leeward",1,26.53835,1.65874,0.07157,0.7345836,39.30504,-70.47534,13.4592723043767,-31.1703,13.1985540120387,2.15577711716008,8.61563050837973,0,0,47.5531240132381,0,0,0.502955039630356,0,2.8215769604336,0,0,0.4113110893052,8.11104543801237,4.17958616954518,3.57863568051098,0,19.6100316962912,0,4.06011928077798,0,0,0.530496938290159
"115","2019","M1","8",3,"Medium",34.8256829078771,"Leeward","Leeward",1,25.93679,1.61937,0.04052,0.683446541,0.02482,155.04336,13.2407461776993,155.06818,12.774658395371,2.14867767469643,2.78464382973734,0,0,62.8054619628907,0,0,0.356257046504778,0,1.53942677460163,0,0,0.0183994237053255,1.84191529821863,3.29687454539938,0.458206211650438,0,3.57528835649255,0,13.5890264263674,9.7345001244318,0,0
"116","2019","M2","35",1,"Medium",34.8256829078771,"Leeward","Leeward",1,26.60769,1.6623,0.05431,0.763024863,1.60496,136.47952,14.1177410834612,138.08448,13.8882596597503,2.15843506904913,4.29874757977057,0,0,45.9433797675395,0,0,1.66297491363592,0,4.52313868049431,0.0410885037769697,0.0349364477654604,0.209088874271609,5.21020553165202,11.3964188551603,1.76663736908415,0,7.8328263860498,0,11.3325671208322,5.73091754705372,0,0
"117","2019","M2","35",2,"Medium",34.8256829078771,"Leeward","Leeward",1,30.49906,1.90529,0.06807,0.828074954,10.09763,231.47278,13.6004328277812,241.57041,13.7187923811472,2.18574488314799,6.67751121338583,0,0,52.4398324753047,0,0.519108906357304,1.09456664220511,0,4.43457791571927,0,0,0.220428874564569,8.51280883234793,8.97041505285889,1.59599625948723,0,6.0782645260192,0,4.63587817433041,4.73525701906821,0,0
"118","2019","M2","35",3,"Medium",34.8256829078771,"Leeward","Leeward",1,34.47717,2.15429,0.07997,0.771827967,36.10453,63.95583,14.0272633805502,100.06036,14.2019287531522,2.21426388042283,6.29614844156192,0,0,51.9900248666022,0,0,1.41146725449581,0,3.63541513516736,0,0.192187086924761,0.317298018763453,6.78352684611418,11.6818607019146,2.12597982891613,0.0739868423264222,10.0087370831539,0,4.81228767678878,0.605766099979899,0,0
"119","2019","M3","34",1,"Medium",34.8256829078771,"Leeward","Leeward",1,28.7114,1.7936,0.06343,0.765188808,-9.41942,232.28089,13.5134168854802,222.86147,13.3280822469491,2.17094167927608,8.34562043848053,0,0,50.3965281247542,0,0,0.316440455881635,0,3.02185644109676,0,0,0.14333515872712,3.65888493404253,8.61074706994315,1.03379085609511,0,8.03509528286972,0,5.6404168294103,10.7930243930868,0,0
"120","2019","M3","34",2,"Medium",34.8256829078771,"Leeward","Leeward",1,28.05779,1.7529,0.0631,0.832826253,18.53515,203.95548,13.7546334589657,222.49062,13.7052827300259,2.16579715181293,4.56353648170755,0,0,65.3442954435406,0,0,0.677381256368115,0,3.09658396716739,0,0,0.221662858082302,2.45133373742805,2.97352538326118,1.01253959536893,0,7.53203358416855,0,10.8439154179457,1.26804496944554,0,0
"121","2019","M3","34",3,"Medium",34.8256829078771,"Leeward","Leeward",1,27.42212,1.71323,0.06227,0.822546346,-0.17006,253.54151,13.8640776615433,253.37145,13.9632738280828,2.16795338567256,9.25001172991983,0,0,61.1574653801803,0,0,0.711735923799442,0,2.97376427715548,0,0,0.104066724157331,1.11407061205566,3.46805778830128,0.478074671263921,0,7.31045464794403,0,4.39310019563195,9.00689781762264,0,0
"122","2019","VL3","5",1,"Very Low",0,"Leeward","South Shore",1,37.61888,2.35019,0.08341,0.783276284,6.67165,135.07258,13.86941888179,141.74423,13.7474985446715,2.20872037739752,14.0738945139679,0.161906061996621,0,66.5465777469286,0,0,0.375660798834451,0,4.17122870238679,0.141007903502363,0,0.194612148608711,3.96799489197776,3.04965671104219,3.63762905550007,0,1.28802004473893,0,2.19681816946501,0.139514731639843,0,0.0554785194107656
"123","2019","VL3","5",2,"Very Low",0,"Leeward","South Shore",1,31.82561,1.9862,0.06876,0.824075185,12.99001,-9.98158,13.7874136996867,3.00843,13.7514627165304,2.19194271760653,2.40610260197898,0,0,45.7167726572339,0.109874874981314,0,0.667787035326038,0,2.93843882508348,0,0,0.683421971844267,2.7591952229812,9.96087648693267,4.25345111444293,0,10.4212558302815,0,19.7903683677108,0.186315807132861,0,0.106139204070098
"124","2019","VL3","5",3,"Very Low",0,"Leeward","South Shore",1,30.95609,1.93281,0.06695,0.729785472,-4.19426,22.86646,13.28988406473,18.6722,13.2483151248575,2.22545389549205,6.53650682363679,0,0.709449704494807,57.1343566109161,3.15097532477789,0,0.515224456273878,0,2.87972175407063,0.138648483204448,0.0391634516904495,1.08193639638183,8.40957241414617,6.11833880287698,2.69027253654366,0,7.24726759538092,0,3.18733558982574,0,0.0228125701381959,0.138417485641472
"125","2019","VL4","37",1,"Very Low",0,"Leeward","South Shore",1,29.84515,1.86479,0.06835,0.865032827,14.73712,274.16811,13.7743083480463,288.90523,13.9849943591894,2.19230565460418,2.16439491375722,0,0,30.8305352226491,0,0,0.819677609923412,0,1.42275893307416,0,0,0.149011848547141,2.10541860529183,3.86341984003996,0.966303169959401,0,1.83499339678987,0,52.2917708715756,3.43035844989447,0.121357138497749,0
"126","2019","VL4","37",2,"Very Low",0,"Leeward","South Shore",1,30.41518,1.90062,0.060067,0.843860333,-0.38502,118.53327,13.7629341710813,118.14825,13.5096233566719,2.18266490244363,3.28183962713224,0,0,49.6333170249364,0,0,1.48793885106521,0,1.50142964314701,0,0,0.0480324638025692,1.46341694856762,13.0643182408557,0.812837390757203,0,1.16513372521348,0,26.7732041779878,0.660330884618268,0,0.108201021916575
"127","2019","VL4","37",3,"Very Low",0,"Leeward","South Shore",1,33.6178,2.09986,0.07258,0.783710707,4.91253,82.97602,13.6837100951018,87.88855,14.0094781502431,2.20402401745652,7.95245100873983,0,0,38.5346655145733,0.647731237606403,0,0.358129603764852,0,1.82114717630765,0,0.0209482861176556,0.503526180460564,3.08266694015471,7.03175574273433,1.44815165061952,0,0.720451360082136,0,36.6206172433091,0,1.25775805552993,0
