DATE,Plot Name,year,hum_dist,site,plot,User Processing files,DEM & ORTHO UPLOAD COMPLETE,DEM.scale,PLOT SHAPEFILE CREATED,PLOT AREA DIGITIZED,CLIP DEM RASTER TO SHAPEFILE AREA FOR STRUCTURAL ANALYSES,OBJECTID *,SHAPE *,SHAPE_Length,SHAPE_Area,Z_Min,Z_Max,Z_Mean,SArea,Min_Slope,Max_Slope,Avg_Slope,Complexity Calculation,surface.rugosity,CREATE BTM SLOPE RASTER,slope,CREATE BTM VRM RASTER,Avg_terrain_ruggedness (VRM),CREATE CURVATURE RASTERS,average.curvature,profile.curvature,planform.curvature,,,,,,
14-Apr-20,KI19_Site5_MPQ1,2019,Very Low,5,1,KB,X,1,X,X,X,1,Polygon,16,16,-2.551068,-1.233924,-1.888098,37.61888,0.272143,10000,632.436776,2.350186752,2.350186752,X,43.73005123,X,0.083409562,X,6.671647889,135.072582,141.7442333,,,,,,
14-Apr-20,KI19_Site5_MPQ2,2019,Very Low,5,2,KB,X,1,X,X,X,1,Polygon,16.431786,16.023377,-3.192359,-1.855547,-2.491666,31.82561,0.41209,10000,448.716213,1.986198665,1.986198665,X,40.72991937,X,0.068764608,X,12.99000705,-9.981581204,3.008426517,,,,,,
14-Apr-20,KI19_Site5_MPQ3,2019,Very Low,5,3,KB,X,1,X,X,X,1,Polygon,16.170066,16.016105,-2.01707,-1.189129,-1.599941,30.956087,0.172166,10000,317.239206,1.932809943,1.932809943,X,42.37309409,X,0.066950332,X,-4.194255967,22.86645826,18.67220393,,,,,,
14-Apr-20,KI19_Site27_MPQ1,2019,Very High,27,1,KB,X,1,X,X,X,1,Polygon,16.382541,15.998233,-1.005335,-0.139352,-0.689413,25.048084,0,10000,190.351331,1.56567816,1.56567816,X,36.62276366,X,0.055895163,X,7.374516532,221.80973,229.1842473,,,,,,
14-Apr-20,KI19_Site27_MPQ2,2019,Very High,27,2,KB,X,1,X,X,X,1,Polygon,16.027023,16.00581,-1.884018,-0.77922,-1.368925,25.094366,0.734765,10000,213.684296,1.567828557,1.567828557,X,34.9261616,X,0.048969717,X,21.52294898,244.9651845,266.4881331,,,,,,
14-Apr-20,KI19_Site27_MPQ3,2019,Very High,27,3,KB,X,1,X,X,X,1,Polygon,16.070617,16.007292,-1.359392,-0.484602,-0.987124,21.466424,0.280014,10000,123.44768,1.341040321,1.341040321,X,29.51600268,X,0.039563642,X,-0.88430525,383.4515516,382.5672463,,,,,,
14-Apr-20,KI19_Site30_MPQ1,2019,Very High,30,1,KB,X,1,X,X,X,1,Polygon,16.467378,16.004145,-2.36379,-1.388096,-2.040317,28.585318,0,10000,376.795489,1.786119658,1.786119658,X,34.62280447,X,0.048276713,X,20.54350049,361.3833931,381.9268911,,,,,,
14-Apr-20,KI19_Site30_MPQ2,2019,Very High,30,2,KB,X,1,X,X,X,1,Polygon,16.010503,15.997117,-2.095248,-1.08009,-1.778362,26.537887,0.163113,10000,249.644817,1.658916854,1.658916854,X,37.2304224,X,0.06280388,X,2.897905134,450.9330609,453.8309635,,,,,,
14-Apr-20,KI19_Site30_MPQ3,2019,Very High,30,3,KB,X,1,X,X,X,1,Polygon,16.208376,16.011647,-2.144695,-0.71803,-1.613191,29.737227,0.060281,10000,341.47944,1.857224744,1.857224744,X,40.56994068,X,0.070770739,X,-5.535206441,256.9863905,251.4511823,,,,,,
15-Apr-20,KI19_Site8_MPQ1,2019,Medium,8,1,KB,X,1,X,X,X,1,Polygon,16.017036,16.012047,-2.777036,-1.723567,-2.290645,27.354625,0.057227,10000,254.892798,1.708377761,1.708377761,X,38.98552356,X,0.055543363,X,25.39155112,132.9533822,158.3449323,,,,,,
15-Apr-20,KI19_Site8_MPQ2,2019,Medium,8,2,KB,X,1,X,X,X,1,Polygon,16.011506,15.999096,-2.095248,-1.08009,-1.778052,26.538354,0.163113,10000,249.524913,1.658740844,1.658740844,X,42.62130874,X,0.071568561,X,39.30504307,-70.47534171,-31.17029783,,,,,,
15-Apr-20,KI19_Site8_MPQ3,2019,Medium,8,3,KB,X,1,X,X,X,1,Polygon,16.172777,16.016577,-2.575125,-1.043561,-1.839923,25.936786,0.222542,10000,250.345515,1.619371355,1.619371355,X,35.25626227,X,0.04051772,X,0.024818634,155.0433636,155.0681825,,,,,,
15-Apr-20,KI19_Site32_MPQ1,2019,Very High,32,1,KB,X,1,X,X,X,1,Polygon,16.202266,16.011619,-1.818856,-0.784689,-1.319593,30.365005,0.284254,10000,314.886451,1.896435645,1.896435645,X,41.74677981,X,0.069620422,X,12.31658045,6.963629885,19.28021467,,,,,,
15-Apr-20,KI19_Site32_MPQ2,2019,Very High,32,2,KB,X,1,X,X,X,1,Polygon,16.105701,16.014881,-2.278077,-1.347958,-1.954323,25.402713,0.206865,10000,226.156958,1.586194303,1.586194303,X,35.32406211,X,0.057204297,X,14.10179754,350.7826743,364.8844725,,,,,,
15-Apr-20,KI19_Site32_MPQ3,2019,Very High,32,3,KB,X,1,X,X,X,1,Polygon,16.056736,16.006614,-2.00642,-1.116876,-1.583396,25.731417,0.442793,10000,245.328351,1.607549042,1.607549042,X,35.91862128,X,0.053891157,X,8.025195826,164.8204155,172.8456118,,,,,,
17-Apr-20,KI19_Site34_MPQ1,2019,Medium,34,1,KB,X,1,X,X,X,1,Polygon,16.106324,16.007706,-2.102044,-1.153318,-1.70618,28.711397,0.159727,10000,326.575935,1.793598471,1.793598471,X,38.16086673,X,0.063430129,X,-9.419416694,232.2808921,222.8614738,,,,,,
17-Apr-20,KI19_Site34_MPQ2,2019,Medium,34,2,KB,X,1,X,X,X,1,Polygon,16.032563,16.006459,-2.311342,-1.42203,-1.804147,28.057788,0.59763,10000,291.418266,1.752904125,1.752904125,X,38.62402137,X,0.063097486,X,18.53515363,203.9554769,222.4906216,,,,,,
17-Apr-20,KI19_Site34_MPQ3,2019,Medium,34,3,KB,X,1,X,X,X,1,Polygon,16.140259,16.006099,-1.916778,-0.598051,-1.443749,27.422121,0.30125,10000,306.374386,1.713229501,1.713229501,X,36.61728859,X,0.062271759,X,-0.170055452,253.5415063,253.3714522,,,,,,
20-Apr-20,KI19_Site35_MPQ1,2019,Medium,35,1,KB,X,1,X,X,X,1,Polygon,16.05137,16.006566,-1.904984,-0.761948,-1.315182,26.607693,0,10000,256.167958,1.662298647,1.662298647,X,37.54290473,X,0.054310348,X,1.604964257,136.479516,138.0844829,,,,,,
20-Apr-20,KI19_Site35_MPQ2,2019,Medium,35,2,KB,X,1,X,X,X,1,Polygon,16.291594,16.007552,-2.286535,-0.624343,-1.622235,30.49906,0.222995,10000,376.827239,1.905291952,1.905291952,X,40.66257216,X,0.068072707,X,10.09762848,231.4727757,241.570407,,,,,,
20-Apr-20,KI19_Site35_MPQ3,2019,Medium,35,3,KB,X,1,X,X,X,1,Polygon,16.17923,16.003974,-1.872492,-0.596071,-1.239908,34.477168,0.379451,10000,496.478962,2.154287929,2.154287929,X,43.86235376,X,0.07997131,X,36.10453231,63.95582769,100.0603568,,,,,,
08-Jun-20,KI19_Site37_MPQ1,2019,Very Low,37,1,KB,X,1,X,X,X,3,Polygon,16.244265,16.004576,-2.211378,-0.86429,-1.731852,29.845151,0,10000,374.510235,1.864788608,1.864788608,X,39.70422365,X,0.068347106,X,14.73712423,274.1681063,288.9052324,,,,,,
08-Jun-20,KI19_Site37_MPQ2,2019,Very Low,37,2,KB,X,1,X,X,X,2,Polygon,16.038127,16.002749,-3.233303,-1.079124,-2.293821,30.415182,0.339284,10000,417.575301,1.900622324,1.900622324,X,40.11915837,X,0.058443475,X,-3.85E-01,118.5332697,118.1482527,,,,,,
08-Jun-20,KI19_Site37_MPQ3,2019,Very Low,37,3,KB,X,1,X,X,X,1,Polygon,16.095002,16.009563,-2.534316,-1.085392,-1.775214,33.6178,0.437514,10000,460.62976,2.099857441,2.099857441,X,42.86660875,X,0.072576486,X,4.912532618,82.97601705,87.88855104,,,,,,
02-Jul-20,KI19_Site5_MPQ1,2019,Very Low,5,1,KB,X,8,X,X,X,1,Polygon,16.082609,16.006162,-2.447465,-1.288059,-1.88799,24.138749,1.218049,10000,152.990523,1.508091009,1.508091009,X,35.21123455,X,0.100529208,X,-1.38E+01,74.73029722,60.96330515,,,,,,
02-Jul-20,KI19_Site5_MPQ2,2019,Very Low,5,2,KB,X,8,X,X,X,1,Polygon,16.431786,16.023377,-3.164506,-1.877973,-2.490628,21.19449,1.123387,10000,115.682568,1.322723044,1.322723044,X,29.2928802,X,0.06504366,X,4.83E-01,24.2033882,24.68635158,,,,,,
02-Jul-20,KI19_Site5_MPQ3,2019,Very Low,5,3,KB,X,8,X,X,X,1,Polygon,16.170066,16.016105,-1.918338,-1.245503,-1.593782,19.296881,1.317159,7325.543933,78.68119,1.204842313,1.204842313,X,26.77981793,X,0.050887286,X,1.09E+01,19.47117694,30.3757032,,,,,,
02-Jul-20,KI19_Site27_MPQ1,2019,Very High,27,1,KB,X,8,X,X,X,1,Polygon,16.382465,15.998119,-0.980923,-0.22028,-0.693333,17.611666,0.827975,10000,56.599163,1.100858545,1.100858545,X,19.57460471,X,0.03297824,X,4.24E+00,65.07077836,69.30981739,,,,,,
02-Jul-20,KI19_Site27_MPQ2,2019,Very High,27,2,KB,X,8,X,X,X,1,Polygon,16.027023,16.00581,-1.867141,-0.815279,-1.376376,18.021676,1.065496,10000,64.524752,1.125945891,1.125945891,X,21.15615999,X,0.035331911,X,6.759617386,59.31820662,66.07782256,,,,,,
02-Jul-20,KI19_Site27_MPQ3,2019,Very High,27,3,KB,X,8,X,X,X,1,Polygon,16.070563,16.007188,-1.348619,-0.52279,-0.991948,16.536887,1.214841,10000,37.790046,1.033091321,1.033091321,X,14.84394191,X,0.016759072,X,1.269284738,53.36076812,54.63005267,,,,,,
02-Jul-20,KI19_Site30_MPQ1,2019,Very High,30,1,KB,X,8,X,X,X,2,Polygon,16.467378,16.004145,-2.350996,-1.449714,-2.045775,19.821787,0.620231,10000,94.229051,1.238540828,1.238540828,X,25.74236363,X,0.058709533,X,7.159331615,93.28683128,100.4461638,,,,,,
02-Jul-20,KI19_Site30_MPQ2,2019,Very High,30,2,KB,X,8,X,X,X,1,Polygon,16.011506,15.999096,-2.071777,-1.132639,-1.781731,18.315306,0.199525,10000,67.654714,1.144771305,1.144771305,X,19.32363505,X,0.03788393,X,-11.54641687,113.7635265,102.2171094,,,,,,
02-Jul-20,KI19_Site30_MPQ3,2019,Very High,30,3,KB,X,8,X,X,X,1,Polygon,16.208376,16.011647,-2.129156,-0.939317,-1.61102,20.023666,0.871708,10000,94.842663,1.250568789,1.250568789,X,25.60795676,X,0.056282195,X,-8.018966869,103.8445637,95.82559784,,,,,,
02-Jul-20,KI19_Site8_MPQ1,2019,Medium,8,1,KB,X,8,X,X,X,1,Polygon,16.017036,16.012047,-2.719936,-1.809362,-2.291208,19.149062,0.728712,10000,79.171385,1.195915925,1.195915925,X,24.97325914,X,0.048269322,X,23.49678868,31.16821214,54.66500239,,,,,,
02-Jul-20,KI19_Site8_MPQ2,2019,Medium,8,2,KB,X,8,X,X,X,1,Polygon,16.609367,16.009998,-1.809615,-0.359049,-1.037299,18.938758,1.004758,10000,76.998574,1.18293319,1.18293319,X,26.62925536,X,0.04283607,X,45.58713449,-9.713479392,35.87365477,,,,,,
02-Jul-20,KI19_Site8_MPQ3,2019,Medium,8,3,KB,X,8,X,X,X,1,Polygon,16.172777,16.016577,-2.8289,-1.784117,-2.20932,18.95813,0.822934,10000,77.98203,1.183656783,1.183656783,X,25.09260551,X,0.038718535,X,-6.069961473,38.23999251,32.17002977,,,,,,
02-Jul-20,KI19_Site32_MPQ1,2019,Very High,32,1,KB,X,8,X,X,X,1,Polygon,16.202266,16.011619,-1.800047,-0.869205,-1.314702,19.213333,0.326226,10000,81.637004,1.199961915,1.199961915,X,24.34282845,X,0.051350295,X,1.504158679,64.85005517,66.35421322,,,,,,
02-Jul-20,KI19_Site32_MPQ2,2019,Very High,32,2,KB,X,8,X,X,X,1,Polygon,16.105701,16.014881,-2.253588,-1.393322,-1.960423,18.004625,0.343039,10000,64.570232,1.124243446,1.124243446,X,19.2144708,X,0.037009181,X,2.043310087,82.624617,84.66792714,,,,,,
02-Jul-20,KI19_Site32_MPQ3,2019,Very High,32,3,KB,X,8,X,X,X,1,Polygon,16.056736,16.006614,-1.935223,-1.151444,-1.578254,18.532662,1.032855,10000,73.010858,1.157812764,1.157812764,X,20.58633091,X,0.043046629,X,3.362894514,81.54453066,84.90742614,,,,,,
02-Jul-20,KI19_Site34_MPQ1,2019,Medium,34,1,KB,X,8,X,X,X,1,Polygon,16.106324,16.007706,-2.090917,-1.173016,-1.718547,20.012882,1.32379,10000,94.161053,1.250202996,1.250202996,X,26.05891642,X,0.053825719,X,-9.822137653,94.80053375,84.97839433,,,,,,
05-Jul-20,KI19_Site34_MPQ2,2019,Medium,34,2,KB,X,8,X,X,X,1,Polygon,16.032563,16.006459,-2.294992,-1.439407,-1.804773,19.75749,1.035639,10000,90.139471,1.234344835,1.234344835,X,25.94055301,X,0.050879529,X,18.22746995,63.57656853,81.80403823,,,,,,
05-Jul-20,KI19_Site34_MPQ3,2019,Medium,34,3,KB,X,8,X,X,X,1,Polygon,16.140259,16.006099,-1.904684,-0.915668,-1.459966,19.256356,0.848377,10000,86.924948,1.203063657,1.203063657,X,24.23401295,X,0.041106147,X,6.304184552,53.72117605,60.02536061,,,,,,
05-Jul-20,KI19_Site35_MPQ1,2019,Medium,35,1,KB,X,8,X,X,X,1,Polygon,16.05137,16.006566,-1.817443,-0.775529,-1.31701,19.003074,1.068881,7444.524785,79.769848,1.187204926,1.187204926,X,25.71668625,X,0.049505928,X,17.8247622,58.94958955,76.77435193,,,,,,
05-Jul-20,KI19_Site35_MPQ2,2019,Medium,35,2,KB,X,8,X,X,X,1,Polygon,16.291594,16.007552,-2.183232,-0.696574,-1.631043,20.590476,1.030855,10000,102.491949,1.286297618,1.286297618,X,29.51041934,X,0.05811353,X,23.61751071,23.45675373,47.07426341,,,,,,
05-Jul-20,KI19_Site35_MPQ3,2019,Medium,35,3,KB,X,8,X,X,X,1,Polygon,16.17923,16.003974,-1.827413,-0.618271,-1.23884,21.889203,0.715987,10000,120.909145,1.367735476,1.367735476,X,31.28763351,X,0.07010957,X,19.76597744,42.29085793,62.05683626,,,,,,
05-Jul-20,KI19_Site37_MPQ1,2019,Very Low,37,1,KB,X,8,X,X,X,1,Polygon,16.244265,16.004576,-2.196632,-0.926479,-1.735289,19.84915,0.518842,10000,95.377792,1.240217173,1.240217173,X,25.90816325,X,0.053454319,X,-3.803221981,98.36448646,94.56126508,,,,,,
05-Jul-20,KI19_Site37_MPQ2,2019,Very Low,37,2,KB,X,8,X,X,X,1,Polygon,16.038127,16.002749,-3.13273,-1.129601,-2.294791,20.640926,1.827985,10000,104.900792,1.289836265,1.289836265,X,30.33325138,X,0.058443475,X,-4.815595392,50.0113707,45.19577292,,,,,,
05-Jul-20,KI19_Site37_MPQ3,2019,Very Low,37,3,KB,X,8,X,X,X,1,Polygon,16.095002,16.009563,-2.520041,-1.134076,-1.774651,21.826723,1.578883,10000,118.620533,1.363355327,1.363355327,X,31.48639422,X,0.072532779,X,4.322915008,99.55348129,103.8763977,,,,,,
04-Aug-20,KI19_Site5_MPQ1,2019,Very Low,5,1,KB,X,4,X,X,X,1,Polygon,16.082609,16.006162,-2.495563,-1.248682,-1.891164,29.277558,1.039658,10000,240.605676,1.829142926,1.829142926,X,41.12544866,X,0.108273729,X,-17.391465,87.73235844,70.34089491,,,,,,
04-Aug-20,KI19_Site5_MPQ2,2019,Very Low,5,2,KB,X,4,X,X,X,1,Polygon,16.431786,16.023377,-3.174422,-1.866174,-2.491426,25.1226,1.065514,10000,173.313172,1.567871741,1.567871741,X,35.49702584,X,0.082129817,X,9.378749934,35.64833913,45.02708543,,,,,,
04-Aug-20,KI19_Site5_MPQ3,2019,Very Low,5,3,KB,X,4,X,X,X,1,Polygon,16.170066,16.016105,-1.956536,-1.232657,-1.596943,22.994544,0.403442,10000,129.286689,1.435713864,1.435713864,X,34.45782322,X,0.069558656,X,15.15419781,35.96215406,51.11635063,,,,,,
04-Aug-20,KI19_Site27_MPQ1,2019,Very High,27,1,KB,X,4,X,X,X,1,Polygon,16.382465,15.998119,-0.999885,-0.156824,-0.691342,20.205621,0.467382,10000,90.827675,1.262999794,1.262999794,X,27.23362547,X,0.053220483,X,3.86733125,117.970912,121.8382439,,,,,,
04-Aug-20,KI19_Site27_MPQ2,2019,Very High,27,2,KB,X,4,X,X,X,1,Polygon,16.027023,16.00581,-1.872656,-0.794475,-1.372609,20.505739,0.295369,10000,97.361992,1.281143472,1.281143472,X,27.65313263,X,0.050885344,X,18.98539572,102.0217945,121.0071907,,,,,,
04-Aug-20,KI19_Site27_MPQ3,2019,Very High,27,3,KB,X,4,X,X,X,1,Polygon,16.070563,16.007188,-1.354654,-0.50704,-0.989134,18.104291,0.463326,10000,58.305024,1.131010081,1.131010081,X,19.98010195,X,0.028314383,X,1.613575204,135.6755822,137.2891585,,,,,,
04-Aug-20,KI19_Site30_MPQ1,2019,Very High,30,1,KB,X,4,X,X,X,1,Polygon,16.467378,16.004145,-2.360765,-1.427297,-2.042617,23.351255,1.032065,9752.32803,150.894944,1.459075446,1.459075446,X,32.63449486,X,0.073542697,X,1.13E+01,178.6400239,189.9383908,,,,,,
04-Aug-20,KI19_Site30_MPQ2,2019,Very High,30,2,KB,X,4,X,X,X,1,Polygon,16.011506,15.999096,-2.088014,-1.103391,-1.780012,21.376664,0.524876,10000,109.769084,1.336116991,1.336116991,X,27.95698566,X,0.065045697,X,-4.229465621,235.0941857,230.864722,,,,,,
04-Aug-20,KI19_Site30_MPQ3,2019,Very High,30,3,KB,X,4,X,X,X,1,Polygon,16.208376,16.011647,-2.139142,-0.920869,-1.611911,23.699372,0.164085,10000,146.213505,1.480133305,1.480133305,X,32.85537904,X,0.077625228,X,-0.6488051,164.9621717,164.3133656,,,,,,
04-Aug-20,KI19_Site8_MPQ1,2019,Medium,8,1,KB,X,4,X,X,X,1,Polygon,16.017036,16.012047,-2.744447,-1.799058,-2.290469,22.264694,1.764467,10000,118.681642,1.390496418,1.390496418,X,32.26667138,X,0.06790937,X,23.98813224,64.78384265,88.7719755,,,,,,
04-Aug-20,KI19_Site8_MPQ2,2019,Medium,8,2,KB,X,4,X,X,X,1,Polygon,16.609367,16.009998,-1.839874,-0.347758,-1.041235,22.565926,0.666573,10000,123.704155,1.40948962,1.40948962,X,33.98168672,X,0.065215154,X,46.02011708,18.0163192,64.03643409,,,,,,
04-Aug-20,KI19_Site8_MPQ3,2019,Medium,8,3,KB,X,4,X,X,X,1,Polygon,16.172777,16.016577,-2.847361,-1.741831,-2.203604,21.468857,0.831299,10000,114.433098,1.340414809,1.340414809,X,30.12144314,X,0.050802774,X,0.845068832,88.63689017,89.48195868,,,,,,
06-Aug-20,KI19_Site32_MPQ1,2019,Very High,32,1,KB,X,4,X,X,X,1,Polygon,16.202266,16.011619,-1.803222,-0.81348,-1.316328,23.06049,0.526436,10000,131.851532,1.440234745,1.440234745,X,33.1137683,X,0.07673962,X,2.833517738,87.76458481,90.59810362,,,,,,
06-Aug-20,KI19_Site32_MPQ2,2019,Very High,32,2,KB,X,4,X,X,X,1,Polygon,16.105701,16.014881,-2.271451,-1.372934,-1.956957,20.999928,0.177803,10000,102.917324,1.311275931,1.311275931,X,27.12479432,X,0.062607002,X,6.75103597,181.344843,188.0958775,,,,,,
06-Aug-20,KI19_Site32_MPQ3,2019,Very High,32,3,KB,X,4,X,X,X,1,Polygon,16.056736,16.006614,-1.979667,-1.130457,-1.579569,21.439665,0.742772,10000,113.454737,1.339425378,1.339425378,X,28.07111945,X,0.061900113,X,-0.782357966,144.2116096,143.4292532,,,,,,
06-Aug-20,KI19_Site34_MPQ1,2019,Medium,34,1,KB,X,4,X,X,X,1,Polygon,16.106324,16.007706,-2.09621,-1.16058,-1.712322,23.153334,1.473715,10000,142.263262,1.446386759,1.446386759,X,32.21630382,X,0.069107571,X,-11.52127429,138.1354587,126.6141839,,,,,,
06-Aug-20,KI19_Site34_MPQ2,2019,Medium,34,2,KB,X,4,X,X,X,1,Polygon,16.032563,16.006459,-2.295749,-1.426279,-1.805654,22.835015,0.891127,10000,130.142847,1.426612532,1.426612532,X,32.13298377,X,0.067643654,X,17.12243929,123.7187571,140.8411964,,,,,,
06-Aug-20,KI19_Site34_MPQ3,2019,Medium,34,3,KB,X,4,X,X,X,1,Polygon,16.140259,16.006099,-1.909195,-0.869936,-1.454386,22.099491,0.070333,10000,128.713614,1.380691885,1.380691885,X,29.57381643,X,0.058768908,X,8.492906378,117.1566609,125.6495678,,,,,,
06-Aug-20,KI19_Site35_MPQ1,2019,Medium,35,1,KB,X,4,X,X,X,1,Polygon,16.05137,16.006566,-1.826257,-0.764878,-1.316374,21.980062,1.391461,10000,117.465069,1.373190352,1.373190352,X,31.5427375,X,0.062245944,X,12.90268991,90.38872155,103.2914095,,,,,,
06-Aug-20,KI19_Site35_MPQ2,2019,Medium,35,2,KB,X,4,X,X,X,1,Polygon,16.291594,16.007552,-2.254953,-0.656907,-1.629337,24.208026,0.974228,10000,154.802019,1.512287825,1.512287825,X,35.10417077,X,0.075024669,X,21.60962694,59.31418426,80.92380967,,,,,,
06-Aug-20,KI19_Site35_MPQ3,2019,Medium,35,3,KB,X,4,X,X,X,1,Polygon,16.17923,16.003974,-1.851804,-0.616911,-1.239926,26.530204,1.309597,10000,192.602165,1.657726012,1.657726012,X,38.11215337,X,0.093358577,X,26.57163231,66.53288824,93.10451977,,,,,,
21-Aug-20,KI19_Site37_MPQ1,2019,Very Low,37,1,KB,X,4,X,X,X,1,Polygon,16.244265,16.004576,-2.204245,-0.90684,-1.732089,23.601755,0.108307,10000,151.616441,1.474687927,1.474687927,X,32.38129275,X,0.074096022,X,2.317086457,166.0685914,168.3856759,,,,,,
21-Aug-20,KI19_Site37_MPQ2,2019,Very Low,37,2,KB,X,4,X,X,X,1,Polygon,16.038127,16.002749,-3.217126,-1.122986,-2.298456,24.361739,0.105708,10000,162.402834,1.522347129,1.522347129,X,35.52921593,X,0.072600511,X,-5.68504524,85.18637259,79.50132783,,,,,,
21-Aug-20,KI19_Site37_MPQ3,2019,Very Low,37,3,KB,X,4,X,X,X,1,Polygon,16.095002,16.009563,-2.513528,-1.128107,-1.7742,26.124595,1.68449,10000,182.70061,1.631811874,1.631811874,X,37.81019093,X,0.088627541,X,-9.195260145,113.3775073,104.1822481,,,,,,
28-05-2020,KI17_Site5_MPQ1,2017,Very Low,5,1,KB,X,1,X,X,X,1,Polygon,16.082784,16.006397,3.1538,4.88256,4.104826,30.738906,0.076315,10000,375.385453,1.92041382,1.92041382,X,40.54795324,X,0.042792478,X,-10.00334932,99.75357478,89.75022762,,,,,,
28-05-2020,KI17_Site5_MPQ2,2017,Very Low,5,2,KB,X,1,X,X,X,1,Polygon,16.431883,16.023318,3.00658,4.16488,3.559596,26.724479,0.198793,10000,294.590567,1.667849256,1.667849256,X,36.9365961,X,0.047414052,X,-10.70502495,2.740815602,-7.964209334,,,,,,
28-05-2020,KI17_Site5_MPQ3,2017,Very Low,5,3,KB,X,1,X,X,X,1,Polygon,16.169252,16.014405,-1.482903,-0.088065,-0.697606,27.255028,0.317755,10000,297.161518,1.701907002,1.701907002,X,38.79601268,X,0.049223842,X,8.3808938,63.00223974,71.38313172,,,,,,
28-05-2020,KI17_Site27_MPQ1,2017,Very High,27,1,KB,X,1,X,X,X,1,Polygon,16.382701,15.999157,4.065227,5.388921,4.709807,22.125743,0.474399,10000,147.196853,1.382931801,1.382931801,X,32.53703033,X,0.033282961,X,2.3630750,172.738316,175.101393,,,,,,
28-05-2020,KI17_Site27_MPQ2,2017,Very High,27,2,KB,X,1,X,X,X,1,Polygon,16.026509,16.004915,4.133989,4.9564,4.500466,21.704065,0.490664,10000,155.625429,1.356087489,1.356087489,X,29.81524202,X,0.029466412,X,-13.2569268,229.095514,215.8385881,,,,,,
28-05-2020,KI17_Site27_MPQ3,2017,Very High,27,3,KB,X,1,X,X,X,1,Polygon,16.070021,16.006048,4.732898,5.13404,4.828249,20.047073,0,10000,112.095518,1.252468629,1.252468629,X,25.74809951,X,0.029057674,X,3.4137114,282.1582057,285.5719162,,,,,,
28-05-2020,KI17_Site30_MPQ1,2017,Very High,30,1,KB,X,1,X,X,X,1,Polygon,16.466343,16.002779,-5.498954,-2.428673,-3.958291,32.873094,0.590779,10000,531.594351,2.054211584,1.63188105,X,42.04636304,X,0.043290494,X,13.6836016,91.71023381,105.3938403,,,,,,
28-05-2020,KI17_Site30_MPQ2,2017,Very High,30,2,KB,X,1,X,X,X,1,Polygon,16.012057,16.000145,4.488136,5.997627,5.125391,27.197958,0.72581,10000,313.680492,1.69985697,1.69985697,X,38.93775202,X,0.053361633,X,4.0591020,304.507464,308.5665687,,,,,,
28-05-2020,KI17_Site30_MPQ3,2017,Very High,30,3,KB,X,1,X,X,X,1,Polygon,16.209053,16.013077,4.517082,5.383746,4.835485,26.742483,0.299063,10000,292.55752,1.670040243,1.670040243,X,38.23069108,X,0.045724587,X,1.2915596,224.0964054,225.3879633,,,,,,
28-05-2020,KI17_Site8_MPQ1,2017,Medium,8,1,KB,X,1,X,X,X,1,Polygon,16.015641,16.009184,3.87605,5.713229,4.958078,27.078299,0.636546,10000,276.601047,1.691422811,1.691422811,X,39.16657055,X,0.048955418,X,23.9622091,76.85112365,100.8133356,,,,,,
28-05-2020,KI17_Site8_MPQ2,2017,Medium,8,2,KB,X,1,X,X,X,1,Polygon,16.607391,16.006334,4.484011,6.587214,5.679458,26.395701,0,10000,271.06801,1.649078484,1.649078484,X,38.23478148,X,0.035152248,X,23.5322426,-26.76792642,-50.3001684,,,,,,
28-05-2020,KI17_Site8_MPQ3,2017,Medium,8,3,KB,X,1,X,X,X,2,Polygon,16.172895,16.016617,4.36827,5.607837,4.965752,24.448788,0.782036,10000,235.944395,1.526463922,1.526463922,X,34.62161607,X,0.034512599,X,5.3255707,117.2238103,122.5493794,,,,,,
28-05-2020,KI17_Site32_MPQ1,2017,Very High,32,1,KB,X,1,X,X,X,1,Polygon,16.201828,16.011002,4.3768,5.538763,4.926514,26.42526,0.531199,10000,277.81258,1.650443864,1.650443864,X,36.61532317,X,0.046133903,X,8.4018693,183.1816438,191.5835126,,,,,,
28-05-2020,KI17_Site32_MPQ2,2017,Very High,32,2,KB,X,1,X,X,X,1,Polygon,16.104923,16.013464,3.274041,4.194777,3.662761,24.004745,0.65504,10000,170.504582,1.499035124,1.499035124,X,35.04543458,X,0.049677316,X,-0.7986733,273.8654772,273.066804,,,,,,
28-05-2020,KI17_Site32_MPQ3,2017,Very High,32,3,KB,X,1,X,X,X,1,Polygon,16.055819,16.004877,4.643314,5.547221,4.956502,23.442705,0.141633,10000,157.095069,1.464722597,1.464722597,X,34.24918961,X,0.050637833,X,5.8878361,216.3478616,222.2356974,,,,,,
28-05-2020,KI17_Site34_MPQ1,2017,Medium,34,1,KB,X,1,X,X,X,1,Polygon,16.107203,16.009602,-5.709497,-4.432045,-5.079104,25.033431,0.339265,10000,202.40158,1.563651051,1.563651051,X,37.15254928,X,0.041372494,X,-12.6464106,112.156405,99.50999525,,,,,,
28-05-2020,KI17_Site34_MPQ2,2017,Medium,34,2,KB,X,1,X,X,X,1,Polygon,16.031994,16.005447,4.412797,5.225801,4.80825,25.483722,0.444214,10000,198.190238,1.592190584,1.592190584,X,37.82405306,X,0.049543533,X,16.5256135,102.8949774,119.4205927,,,,,,
28-05-2020,KI17_Site34_MPQ3,2017,Medium,34,3,KB,X,1,X,X,X,1,Polygon,16.139539,16.005536,4.591509,5.741325,5.218982,23.907722,0.465771,10000,194.898542,1.493715799,1.493715799,X,35.13014425,X,0.040700313,X,10.5769730,106.0531707,116.6301423,,,,,,
28-05-2020,KI17_Site35_MPQ1,2017,Medium,35,1,KB,X,1,X,X,X,1,Polygon,16.050694,16.005332,2.724668,3.661002,3.234931,24.854075,0.294781,10000,201.400473,1.552862196,1.552862196,X,37.18677814,X,0.040883115,X,17.3329408,119.5973597,136.9303021,,,,,,
28-05-2020,KI17_Site35_MPQ2,2017,Medium,35,2,KB,X,1,X,X,X,1,Polygon,16.290237,16.005091,4.238827,5.179245,4.645105,27.138128,0.065193,10000,299.028944,1.695593483,1.695593483,X,38.43576832,X,0.052304193,X,17.1218535,244.2729238,261.394777,,,,,,
28-05-2020,KI17_Site35_MPQ3,2017,Medium,35,3,KB,X,1,X,X,X,1,Polygon,16.179217,16.00465,4.46292,5.366491,4.873204,30.07905,0,10000,324.32975,1.879394426,1.879394426,X,42.13690541,X,0.05904765,X,24.1764830,39.08425297,63.26073781,,,,,,
08-Jun-20,KI17_Site15_MPQ1,2017,Very Low,15,1,KB,X,1,X,X,X,1,Polygon,16.014883,15.979916,4.11193,6.023169,5.038162,33.45057,0,10000,503.743668,2.093288225,2.093288225,X,41.00586866,X,0.062617566,X,19.8890443,139.575472,159.4645117,,,,,,
08-Jun-20,KI17_Site15_MPQ2,2017,Very Low,15,2,KB,X,1,X,X,X,1,Polygon,16.139385,16.007758,4.820183,6.427823,5.595436,33.781481,0.882636,10000,552.087865,2.110319321,2.110319321,X,40.86208002,X,0.062772779,X,-9.0324695,109.2409978,100.2085295,,,,,,
08-Jun-20,KI17_Site15_MPQ3,2017,Very Low,15,3,KB,X,1,X,X,X,1,Polygon,16.027752,16.004934,4.030962,5.265697,4.646432,40.29302,0.155686,10000,583.719814,2.517537404,2.517537404,X,47.15510221,X,0.082716273,X,5.4703214,-34.42838725,-28.95806187,,,,,,
08-Jun-20,KI17_Site19_MPQ1,2017,Very Low,19,1,KB,X,1,X,X,X,1,Polygon,16.061174,16.004819,4.239122,5.420678,4.780072,29.148939,0,10000,293.746782,1.821260147,1.821260147,X,41.20852897,X,0.055619577,X,-3.0710091,20.52698,17.45597195,,,,,,
08-Jun-20,KI17_Site19_MPQ2,2017,Very Low,19,2,KB,X,1,X,X,X,2,Polygon,16.178378,16.003684,4.221473,5.500948,4.782182,32.293519,0.394112,10000,375.601708,2.017880321,2.017880321,X,43.48367111,X,0.082330379,X,2.9411616,44.81082641,47.75198887,,,,,,
08-Jun-20,KI17_Site19_MPQ3,2017,Very Low,19,3,KB,X,1,X,X,X,1,Polygon,16.714772,16.002139,3.540089,4.737159,4.1848,31.307199,0.05251,10000,431.363043,1.956438386,1.956438386,X,39.95336124,X,0.076061025,X,-8.9596320,134.5340681,125.5744383,,,,,,
08-Jun-20,KI17_Site37_MPQ1,2017,Very Low,37,1,KB,X,1,X,X,X,3,Polygon,16.243863,16.003792,4.850554,6.309274,5.382964,25.919642,0.429673,10000,319.398409,1.619593781,1.619593781,X,36.45145562,X,0.042003502,X,-26.0274586,207.2962454,181.2687903,,,,,,
08-Jun-20,KI17_Site37_MPQ2,2017,Very Low,37,2,KB,X,1,X,X,X,1,Polygon,16.038414,16.003218,4.127765,4.905639,4.44642,25.431607,0.083602,10000,251.259903,1.589155819,1.589155819,X,35.77109229,X,0.040202178,X,7.0720123,182.9132164,189.985231,,,,,,
08-Jun-20,KI17_Site37_MPQ3,2017,Very Low,37,3,KB,X,1,X,X,X,2,Polygon,16.12111,16.005757,4.324287,6.361315,5.153444,30.461484,0.5908,10000,494.396282,1.90315797,1.90315797,X,40.56255777,X,0.048980137,X,-0.6738509,157.8268837,157.1530336,,,,,,
30-Jun-20,KI17_Site5_MPQ1,2017,Very Low,5,1,KB,X,8,X,X,X,1,Polygon,16.082784,16.006397,3.208088,4.8253,4.112974,21.046288,0.279282,10000,109.885616,1.3148673,1.3148673,X,32.26983428,X,0.070351702,X,-12.1810529,36.49293782,24.31188472,,,,,,
01-Jul-20,KI17_Site5_MPQ2,2017,Very Low,5,2,KB,X,8,X,X,X,1,Polygon,16.431883,16.023318,3.043221,4.14784,3.561797,19.003863,0.468541,10000,80.829417,1.186012972,1.186012972,X,25.18886933,X,0.044504329,X,-0.4852435,13.45505659,12.96981217,,,,,,
01-Jul-20,KI17_Site5_MPQ3,2017,Very Low,5,3,KB,X,8,X,X,X,1,Polygon,16.169252,16.014405,-1.451583,-0.120788,-0.69669,20.196942,0.641162,10000,94.25691,1.261173425,1.261173425,X,27.90021312,X,0.054029181,X,3.3671953,39.64217851,43.00937393,,,,,,
05-Jul-20,KI17_Site27_MPQ1,2017,Very High,27,1,KB,X,8,X,X,X,1,Polygon,16.382701,15.999157,4.073539,5.337204,4.704548,17.956564,0.75325,10000,65.341723,1.122344384,1.122344384,X,21.07398393,X,0.033047319,X,2.9962916,45.15948976,48.15578224,,,,,,
05-Jul-20,KI17_Site27_MPQ2,2017,Very High,27,2,KB,X,8,X,X,X,1,Polygon,16.026509,16.004915,4.1376,4.901804,4.50012,17.830203,0.216097,4381.264888,59.631517,1.114045467,1.114045467,X,19.54643987,X,0.032587418,X,-11.1187919,68.53732456,57.41853216,,,,,,
05-Jul-20,KI17_Site27_MPQ3,2017,Very High,27,3,KB,X,8,X,X,X,1,Polygon,16.070021,16.006048,4.742688,5.093593,4.826592,16.6497,0.550947,10000,40.878102,1.040213049,1.040213049,X,12.63971467,X,0.020128995,X,4.1091898,70.52735164,74.63654177,,,,,,
05-Jul-20,KI17_Site30_MPQ1,2017,Very High,30,1,KB,X,8,X,X,X,1,Polygon,16.466343,16.002779,-5.370764,-2.502713,-3.950331,22.757111,1.77967,10000,143.091459,1.422072441,1.422072441,X,36.32583265,X,0.059161644,X,18.5296197,24.10544584,42.63506486,,,,,,
05-Jul-20,KI17_Site30_MPQ2,2017,Very High,30,2,KB,X,8,X,X,X,1,Polygon,16.012057,16.000145,4.505861,5.902819,5.123366,20.041724,0.207955,10000,99.639178,1.252596398,1.252596398,X,25.52462763,X,0.048086301,X,-3.4862694,79.70926408,76.22299417,,,,,,
05-Jul-20,KI17_Site30_MPQ3,2017,Very High,30,3,KB,X,8,X,X,X,1,Polygon,16.209053,16.013077,4.539826,5.332161,4.835686,20.027384,0.298157,10000,89.965598,1.250689296,1.250689296,X,25.69536791,X,0.053511688,X,8.1208801,71.67716397,79.79804493,,,,,,
01-Jul-20,KI17_Site8_MPQ1,2017,Medium,8,1,KB,X,8,X,X,X,1,Polygon,16.015574,16.009055,3.964373,5.694915,4.967131,20.058346,0.564783,10000,94.14121,1.252937541,1.252937541,X,28.24878694,X,0.048808163,X,38.2848034,19.73777455,38.28480343,,,,,,
01-Jul-20,KI17_Site8_MPQ2,2017,Medium,8,2,KB,X,8,X,X,X,1,Polygon,16.607391,16.006334,4.529476,6.566829,5.699853,20.279822,3.230572,10000,98.523737,1.266987306,1.266987306,X,30.93312415,X,0.044269234,X,28.0634336,-18.00028941,10.06314247,,,,,,
01-Jul-20,KI17_Site8_MPQ3,2017,Medium,8,3,KB,X,8,X,X,X,1,Polygon,16.172837,16.016477,4.378538,5.592354,4.961459,19.346577,0.480335,10000,83.751217,1.207917134,1.207917134,X,25.86522695,X,0.041645656,X,-4.473446601,36.5511076,32.07766215,,,,,,
05-Jul-20,KI17_Site32_MPQ1,2017,Very High,32,1,KB,X,8,X,X,X,1,Polygon,16.201828,16.011002,4.388856,5.520946,4.924665,18.792632,0.608583,10000,75.407983,1.173732412,1.173732412,X,24.23425337,X,0.041294317,X,6.821973748,56.96381228,63.7857869,,,,,,
05-Jul-20,KI17_Site32_MPQ2,2017,Very High,32,2,KB,X,8,X,X,X,1,Polygon,16.104923,16.013464,3.296996,4.178756,3.660679,17.367637,0.652891,10000,51.554892,1.084564651,1.084564651,X,17.51473142,X,0.027453828,X,1.174573944,60.69722705,61.87180158,,,,,,
05-Jul-20,KI17_Site32_MPQ3,2017,Very High,32,3,KB,X,8,X,X,X,1,Polygon,16.055819,16.004877,4.663549,5.516169,4.95421,17.231342,0.565287,10000,49.260808,1.076630705,1.076630705,X,16.38507497,X,0.025703051,X,1.2525390,67.99377096,69.24631004,,,,,,
05-Jul-20,KI17_Site34_MPQ1,2017,Medium,34,1,KB,X,8,X,X,X,1,Polygon,16.107134,16.009466,-5.630893,-4.465209,-5.082529,18.539045,1.226669,10000,72.582545,1.158005208,1.158005208,X,24.94149899,X,0.035686803,X,-7.3891559,71.61090008,64.22174417,,,,,,
05-Jul-20,KI17_Site34_MPQ2,2017,Medium,34,2,KB,X,8,X,X,X,1,Polygon,16.031994,16.005447,4.426971,5.170241,4.809544,18.217508,0.883299,10000,66.022571,1.138206762,1.138206762,X,23.99514152,X,0.036434548,X,14.0374933,40.88011406,54.91760708,,,,,,
05-Jul-20,KI17_Site34_MPQ3,2017,Medium,34,3,KB,X,8,X,X,X,1,Polygon,16.139485,16.005394,4.599726,5.692619,5.210807,18.18955,0.379651,10000,68.821951,1.136463745,1.136463745,X,23.17352687,X,0.027208941,X,5.7621961,20.04607517,25.80827103,,,,,,
05-Jul-20,KI17_Site35_MPQ1,2017,Medium,35,1,KB,X,8,X,X,X,1,Polygon,16.050694,16.005332,2.790534,3.652815,3.235178,18.922216,1.563537,10000,77.554078,1.182244517,1.182244517,X,25.12864402,X,0.049095405,X,11.4344545,44.14343541,55.57789039,,,,,,
06-Jul-20,KI17_Site35_MPQ2,2017,Medium,35,2,KB,X,8,X,X,X,1,Polygon,16.290237,16.005091,4.257185,5.152575,4.638914,19.802059,0.920657,10000,90.794958,1.237235015,1.237235015,X,26.97249503,X,0.053561869,X,17.1300347,41.23725381,58.36728899,,,,,,
06-Jul-20,KI17_Site35_MPQ3,2017,Medium,35,3,KB,X,8,X,X,X,1,Polygon,16.179217,16.00465,4.519521,5.313867,4.874769,20.010044,0.900113,10000,93.725067,1.250264392,1.250264392,X,29.21883913,X,0.053096273,X,26.7614488,26.76466823,53.5261172,,,,,,
01-Jul-20,KI17_Site15_MPQ1,2017,Very Low,15,1,KB,X,8,X,X,X,1,Polygon,16.014883,15.979916,4.190037,5.965653,5.02847,21.167196,0.880188,10000,107.90986,1.32461247,1.32461247,X,32.40013985,X,0.066064665,X,-4.333648358,64.32563618,59.99198702,,,,,,
01-Jul-20,KI17_Site15_MPQ2,2017,Very Low,15,2,KB,X,8,X,X,X,1,Polygon,16.139385,16.007758,4.882636,6.353076,5.60239,21.347057,0.704792,10000,113.354895,1.33354446,1.33354446,X,31.30109844,X,0.066331604,X,-13.9523823,55.8560623,41.90367876,,,,,,
01-Jul-20,KI17_Site15_MPQ3,2017,Very Low,15,3,KB,X,8,X,X,X,1,Polygon,16.027752,16.004934,4.093074,5.181373,4.628273,21.078885,1.775465,10000,102.990498,1.317024175,1.317024175,X,32.11345467,X,0.075547569,X,5.582983368,30.62407175,36.20705511,,,,,,
06-Jul-20,KI17_Site19_MPQ1,2017,Very Low,19,1,KB,X,8,X,X,X,1,Polygon,16.061174,16.004819,4.306116,5.272884,4.779385,18.832118,1.000688,10000,76.17914,1.176652982,1.176652982,X,25.3524235,X,0.052589436,X,-17.03112175,54.48109773,37.4499752,,,,,,
06-Jul-20,KI17_Site19_MPQ2,2017,Very Low,19,2,KB,X,8,X,X,X,1,Polygon,16.178378,16.003684,4.243216,5.467755,4.787385,19.73879,2.044074,10000,89.909407,1.233390387,1.233390387,X,25.51202649,X,0.059493443,X,-2.126292974,76.75353542,74.62724266,,,,,,
06-Jul-20,KI17_Site19_MPQ3,2017,Very Low,19,3,KB,X,8,X,X,X,1,Polygon,16.714772,16.002139,3.636513,4.693404,4.188334,19.950681,0.523573,10000,93.43002,1.246750887,1.246750887,X,26.698366,X,0.055659866,X,-26.3885230,57.2980795,30.9095583,,,,,,
06-Jul-20,KI17_Site37_MPQ1,2017,Very Low,37,1,KB,X,8,X,X,X,1,Polygon,16.243863,16.003792,4.867841,6.284177,5.38356,19.94908,0.200098,10000,96.499894,1.246522074,1.246522074,X,26.68191653,X,0.04576458,X,-23.68932886,91.68272543,67.9933957,,,,,,
06-Jul-20,KI17_Site37_MPQ2,2017,Very Low,37,2,KB,X,8,X,X,X,1,Polygon,16.038414,16.003218,4.144159,4.86708,4.444141,18.57934,0.34281,10000,72.692454,1.160975249,1.160975249,X,24.09235985,X,0.040016838,X,2.7780066,43.59312433,46.37113197,,,,,,
06-Jul-20,KI17_Site37_MPQ3,2017,Very Low,37,3,KB,X,8,X,X,X,1,Polygon,16.092704,16.005382,4.212126,5.830144,4.933101,22.206336,1.475662,10000,127.01385,1.387429303,1.387429303,X,31.90339097,X,0.0683832,X,-7.5539261,94.81975741,87.2658311,,,,,,
28-Jul-20,KI17_Site5_MPQ1,2017,Very Low,5,1,KB,X,4,X,X,X,1,Polygon,16.082784,16.006397,3.187146,4.836901,4.108117,24.968394,1.450158,10000,159.57475,1.559900957,1.559900957,X,38.49296734,X,0.073565299,X,-17.04272104,57.97883087,40.93611065,,,,,,
28-Jul-20,KI17_Site5_MPQ2,2017,Very Low,5,2,KB,X,4,X,X,X,1,Polygon,16.431883,16.023318,3.022272,4.155681,3.559976,21.872938,1.201831,10000,122.053529,1.365069207,1.365069207,X,30.94387773,X,0.055944408,X,-4.9655792,21.69054855,16.72496953,,,,,,
28-Jul-20,KI17_Site5_MPQ3,2017,Very Low,5,3,KB,X,4,X,X,X,1,Polygon,16.169252,16.014405,-1.470107,-0.108117,-0.697496,23.232562,0.464336,10000,138.045242,1.450729016,1.450729016,X,33.76444391,X,0.069568923,X,11.3518211,39.97203273,51.32385418,,,,,,
29-Jul-20,KI17_Site27_MPQ1,2017,Very High,27,1,KB,X,4,X,X,X,1,Polygon,16.382701,15.999157,4.066147,5.392468,4.708334,19.919093,0.317277,10000,87.779932,1.245008909,1.245008909,X,26.45099984,X,0.045978007,X,3.1877245,95.33019957,98.5179237,,,,,,
29-Jul-20,KI17_Site27_MPQ2,2017,Very High,27,2,KB,X,4,X,X,X,1,Polygon,16.026509,16.004915,4.139404,4.953317,4.500653,19.726927,0.359509,10000,86.663449,1.232554312,1.232554312,X,24.7379208,X,0.044096684,X,-10.8198061,127.4597983,116.6399933,,,,,,
29-Jul-20,KI17_Site27_MPQ3,2017,Very High,27,3,KB,X,4,X,X,X,1,Polygon,16.070021,16.006048,4.738005,5.126194,4.827668,18.222671,0.253411,10000,63.225545,1.13848659,1.13848659,X,18.41334998,X,0.032502082,X,-1.7537416,148.5588246,146.8050825,,,,,,
29-Jul-20,KI17_Site30_MPQ1,2017,Very High,30,1,KB,X,4,X,X,X,1,Polygon,16.466343,16.002779,-5.457501,-2.479449,-3.950643,26.853764,1.675779,10000,212.133259,1.67806879,1.67806879,X,40.18289649,X,0.067093634,X,16.9903759,59.14376457,76.13414052,,,,,,
29-Jul-20,KI17_Site30_MPQ2,2017,Very High,30,2,KB,X,4,X,X,X,1,Polygon,16.012057,16.000145,4.497649,5.992075,5.124685,23.279606,0.797795,10000,147.388124,1.454962189,1.454962189,X,32.17096547,X,0.074242407,X,-4.3384349,161.357019,157.0185844,,,,,,
29-Jul-20,KI17_Site30_MPQ3,2017,Very High,30,3,KB,X,4,X,X,X,1,Polygon,16.209053,16.013077,4.526638,5.364693,4.835687,23.064803,0.875451,10000,137.737106,1.440372953,1.440372953,X,32.41728121,X,0.069611801,X,8.6557588,117.3176253,125.9733853,,,,,,
30-Jul-20,KI17_Site8_MPQ1,2017,Medium,8,1,KB,X,4,X,X,X,1,Polygon,16.015574,16.009055,3.931459,5.708688,4.963828,23.039706,0.504974,10000,132.71877,1.439167146,1.439167146,X,34.01927335,X,0.06772832,X,21.5847382,46.10991664,67.69465391,,,,,,
30-Jul-20,KI17_Site8_MPQ2,2017,Medium,8,2,KB,X,4,X,X,X,1,Polygon,16.607391,16.006334,4.49865,6.581168,5.688758,22.928006,0.147469,10000,136.131911,1.43243331,1.43243331,X,34.87334925,X,0.054219345,X,20.5884380,-14.72903617,5.859402007,,,,,,
30-Jul-20,KI17_Site8_MPQ3,2017,Medium,8,3,KB,X,4,X,X,X,1,Polygon,16.172837,16.016477,4.370945,5.604557,4.964484,21.649915,0.427921,10000,120.829229,1.351727661,1.351727661,X,30.46679391,X,0.052637436,X,2.6745745,67.67157673,70.34615201,,,,,,
30-Jul-20,KI17_Site32_MPQ1,2017,Very High,32,1,KB,X,4,X,X,X,1,Polygon,16.201828,16.011002,4.386901,5.530622,4.926546,21.746981,0.750025,10000,118.636736,1.358252344,1.358252344,X,30.14506736,X,0.057490116,X,13.5668403,102.0531168,115.6199563,,,,,,
30-Jul-20,KI17_Site32_MPQ2,2017,Very High,32,2,KB,X,4,X,X,X,1,Polygon,16.104923,16.013464,3.279738,4.189909,3.662321,19.792968,0.522412,10000,83.16642,1.236020389,1.236020389,X,25.171254,X,0.049889428,X,3.7381367,119.4763694,123.2145064,,,,,,
30-Jul-20,KI17_Site32_MPQ3,2017,Very High,32,3,KB,X,4,X,X,X,1,Polygon,16.055819,16.004877,4.651932,5.533789,4.956706,19.499463,0.271248,10000,79.721558,1.218345071,1.218345071,X,23.83583804,X,0.046116111,X,3.3120958,94.96503841,98.2771335,,,,,,
30-Jul-20,KI17_Site34_MPQ1,2017,Medium,34,1,KB,X,4,X,X,X,1,Polygon,16.107134,16.009466,-5.675278,-4.445573,-5.079221,20.930511,0.475663,10000,102.588282,1.307383457,1.307383457,X,30.28058113,X,0.045655257,X,-11.2363902,104.503999,93.26760848,,,,,,
30-Jul-20,KI17_Site34_MPQ2,2017,Medium,34,2,KB,X,4,X,X,X,1,Polygon,16.031994,16.005447,4.419192,5.195375,4.808263,20.792937,1.21279,10000,96.889846,1.299116295,1.299116295,X,30.27918429,X,0.050607277,X,16.1476410,75.32040303,91.46804391,,,,,,
30-Jul-20,KI17_Site34_MPQ3,2017,Medium,34,3,KB,X,4,X,X,X,1,Polygon,16.139485,16.005394,4.598651,5.711583,5.213108,20.077665,0.906097,10000,95.396776,1.254431162,1.254431162,X,27.65206072,X,0.035278521,X,8.0879910,49.05084087,57.13883211,,,,,,
31-Jul-20,KI17_Site35_MPQ1,2017,Medium,35,1,KB,X,4,X,X,X,1,Polygon,16.050694,16.005332,2.728092,3.651892,3.234768,21.596326,0.02386,10000,110.622574,1.349320714,1.349320714,X,31.34606705,X,0.060852045,X,17.0624562,75.45459435,92.51704953,,,,,,
31-Jul-20,KI17_Site35_MPQ2,2017,Medium,35,2,KB,X,4,X,X,X,1,Polygon,16.290237,16.005091,4.243648,5.16374,4.641196,22.928904,0.625528,769.109145,135.456332,1.432600664,1.432600664,X,32.70845356,X,0.067966075,X,11.0702464,109.2290469,120.2992944,,,,,,
31-Jul-20,KI17_Site35_MPQ3,2017,Medium,35,3,KB,X,4,X,X,X,1,Polygon,16.179217,16.00465,4.4856,5.323182,4.873427,23.592935,1.066549,10000,142.256321,1.474130018,1.474130018,X,35.4966653,X,0.068239815,X,27.4050470,39.16385505,66.56890186,,,,,,
31-Jul-20,KI17_Site15_MPQ1,2017,Very Low,15,1,KB,X,4,X,X,X,1,Polygon,16.014883,15.979916,4.141073,6.010534,5.034475,25.745049,0.396051,10000,179.399426,1.611087881,1.611087881,X,37.49049292,X,0.079820722,X,3.0156321,96.16144005,99.17707204,,,,,,
31-Jul-20,KI17_Site15_MPQ2,2017,Very Low,15,2,KB,X,4,X,X,X,1,Polygon,16.139385,16.007758,4.860015,6.367646,5.598797,25.91718,1.816489,10000,188.527967,1.619038719,1.619038719,X,37.22790284,X,0.085359686,X,-19.7541611,67.89907218,48.1449102,,,,,,
31-Jul-20,KI17_Site15_MPQ3,2017,Very Low,15,3,KB,X,4,X,X,X,1,Polygon,16.027752,16.004934,4.054006,5.235723,4.637882,29.215298,0.589402,10000,219.203593,1.825393219,1.825393219,X,42.20893147,X,0.1162334,X,10.97635668,24.69134474,35.66770299,,,,,,
31-Jul-20,KI17_Site19_MPQ1,2017,Very Low,19,1,KB,X,4,X,X,X,1,Polygon,16.061174,16.004819,4.261981,5.328396,4.781009,22.619563,0.588692,10000,122.945306,1.41329702,1.41329702,X,33.98669112,X,0.073591621,X,-12.2132601,61.50753778,49.29427924,,,,,,
31-Jul-20,KI17_Site19_MPQ2,2017,Very Low,19,2,KB,X,4,X,X,X,1,Polygon,16.178378,16.003684,4.230334,5.489589,4.786414,24.091805,0.28789,10000,146.960234,1.505391196,1.505391196,X,34.49662315,X,0.088138878,X,0.0406092,105.0077565,105.0483678,,,,,,
31-Jul-20,KI17_Site19_MPQ3,2017,Very Low,19,3,KB,X,4,X,X,X,1,Polygon,16.714772,16.002139,3.570481,4.7289,4.186315,23.851447,1.320916,10000,156.476745,1.490516174,1.490516174,X,32.92205177,X,0.07428798,X,-12.8672528,74.28275677,61.4155033,,,,,,
31-Jul-20,KI17_Site37_MPQ1,2017,Very Low,37,1,KB,X,4,X,X,X,1,Polygon,16.243863,16.003792,4.861872,6.302897,5.384383,22.70444,0.399351,10000,143.648151,1.41869127,1.41869127,X,31.60327115,X,0.060207253,X,-24.1375994,145.8167475,121.679151,,,,,,
31-Jul-20,KI17_Site37_MPQ2,2017,Very Low,37,2,KB,X,4,X,X,X,1,Polygon,16.038414,16.003218,4.13878,4.888327,4.444956,20.919451,1.14062,10000,104.437292,1.307202776,1.307202776,X,29.76846453,X,0.04641072,X,3.3008991,81.3621674,84.66306546,,,,,,
31-Jul-20,KI17_Site37_MPQ3,2017,Very Low,37,3,KB,X,4,X,X,X,1,Polygon,16.092704,16.005382,4.202174,5.850502,4.934883,25.534938,1.088052,10000,184.777351,1.595396973,1.595396973,X,36.71579566,X,0.076166208,X,-7.4203136,124.8712177,117.4509013,,,,,,
14-Apr-20,KI15_Site5_MPQ1,2015,Very Low,5,1,KB,X,1,X,X,X,4,Polygon,16.0828830,16.0066270,2.345046,3.916874,3.184981,37.826846,0.372051,10000,511.687097,2.363199067,2.363199067,X,45.09501467,X,0.090052359,X,28.43096368,-284.4592618,-256.0282991,,,,,,
14-Apr-20,KI15_Site5_MPQ2,2015,Very Low,5,2,KB,X,1,X,X,X,1,Polygon,16.4313940,16.0223920,2.515225,3.635708,3.078382,35.680759,0.429526,10000,624.137554,2.226930848,2.226930848,X,42.37825857,X,0.084778145,X,-10.46838605,-417.3699852,-427.8383627,,,,,,
14-Apr-20,KI15_Site5_MPQ3,2015,Very Low,5,3,KB,X,1,X,X,X,2,Polygon,16.1686980,16.0133300,9.097798,10.40339,9.816718,31.641088,0.516923,10000,334.808861,1.97592181,1.97592181,X,42.5437375,X,0.070944518,X,10.22410928,-134.6369158,-124.4128073,,,,,,
14-Apr-20,KI15_Site27_MPQ1,2015,Very High,27,1,KB,X,1,X,X,X,1,Polygon,16.3827210,15.9987610,2.739897,3.463214,2.922893,24.525666,0.090786,10000,265.809897,1.532972835,1.532972835,X,33.173167,X,0.044837852,X,-13.73461885,286.9893833,273.2547688,,,,,,
14-Apr-20,KI15_Site27_MPQ2,2015,Very High,27,2,KB,X,1,X,X,X,1,Polygon,16.0267030,16.0053470,2.739973,4.048646,3.33607,24.437403,0,10000,220.510133,1.526827441,1.526827441,X,34.7737793,X,0.041933728,X,5.207628661,219.9047237,225.1123505,,,,,,
14-Apr-20,KI15_Site27_MPQ3,2015,Very High,27,3,KB,X,1,X,X,X,1,Polygon,16.0694280,16.0050440,2.750371,3.387351,3.038634,23.670351,0,10000,184.702296,1.478930705,1.478930705,X,33.96084366,X,0.045619437,X,6.481800206,230.8794209,237.3612193,,,,,,
14-Apr-20,KI15_Site30_MPQ1,2015,Very High,30,1,KB,X,1,X,X,X,1,Polygon,16.4659420,16.0017360,-3.165378,-1.722089,-2.577378,37.655338,0.469303,10000,737.607743,2.353203302,2.353203302,X,43.21290826,X,0.075996737,X,51.41088157,-47.73392716,3.676961693,,,,,,
14-Apr-20,KI15_Site30_MPQ2,2015,Very High,30,2,KB,X,1,X,X,X,1,Polygon,16.0109810,15.9980700,1.294561,3.176233,2.062522,30.394966,0.807502,10000,470.221586,1.899914552,1.899914552,X,39.27383553,X,0.057236042,X,5.437730184,224.8439547,230.2816882,,,,,,
14-Apr-20,KI15_Site30_MPQ3,2015,Very High,30,3,KB,X,1,X,X,X,1,Polygon,16.208062,16.01118,2.142376,2.9674,2.514299,28.667145,0.169539,10000,362.234872,1.790445489,1.790445489,X,39.02365851,X,0.059195621,X,-16.91447612,300.9931749,284.0786992,,,,,,
15-Apr-20,KI15_Site8_MPQ1,2015,Medium,8,1,KB,X,1,X,X,X,1,Polygon,16.015437,16.008811,2.950593,4.072422,3.46223,28.697663,0.425036,10000,258.523676,1.792616766,1.792616766,X,40.60265995,X,0.073191071,X,28.69497198,34.64098029,63.33595289,,,,,,
15-Apr-20,KI15_Site8_MPQ2,2015,Medium,8,2,KB,X,1,X,X,X,1,Polygon,16.609247,16.009716,-3.324504,-2.216323,-2.696436,33.491647,0.098186,10000,431.965221,2.091957596,2.091957596,X,42.97828492,X,0.090903497,X,46.04386964,-212.0629726,-166.0191077,,,,,,
15-Apr-20,KI15_Site8_MPQ3,2015,Medium,8,3,KB,X,1,X,X,X,1,Polygon,16.171468,16.013835,2.981708,4.121127,3.490992,28.518028,0.102963,10000,284.868389,1.780836883,1.780836883,X,39.59888442,X,0.060250254,X,-2.546360752,103.7914225,101.2450601,,,,,,
15-Apr-20,KI15_Site32_MPQ1,2015,Very High,32,1,KB,X,1,X,X,X,1,Polygon,16.200462,16.0083,1.737166,3.185832,2.49274,29.163476,0.648673,10000,330.228744,1.821772206,1.821772206,X,39.32146203,X,0.066128084,X,11.92347291,-6.661071593,5.262400871,,,,,,
15-Apr-20,KI15_Site32_MPQ2,2015,Very High,32,2,KB,X,1,X,X,X,1,Polygon,16.1062,16.016302,2.5164,3.672705,2.994446,25.655253,0.366525,10000,192.01184,1.601821257,1.601821257,X,37.76315957,X,0.0623651,X,-5.271564086,178.0650426,172.79348,,,,,,
15-Apr-20,KI15_Site32_MPQ3,2015,Very High,32,3,KB,X,1,X,X,X,1,Polygon,16.055703,16.004469,3.041744,3.759648,3.291868,24.536741,0.124948,10000,178.913598,1.533118093,1.533118093,X,35.95609121,X,0.05345558,X,-3.016139062,185.9853382,182.9691983,,,,,,
17-Apr-20,KI15_Site34_MPQ1,2015,Medium,34,1,KB,X,1,X,X,X,1,Polygon,16.106321,16.007844,2.739642,4.274044,3.398239,30.876313,0.01878,10000,345.685291,1.928823957,1.928823957,X,41.11037753,X,0.069782828,X,-1.994820859,95.10549808,93.1106798,,,,,,
17-Apr-20,KI15_Site34_MPQ2,2015,Medium,34,2,KB,X,1,X,X,X,1,Polygon,16.030869,16.0031,2.755411,3.736379,3.259241,28.831183,0,10000,265.066284,1.801599878,1.801599878,X,40.56101886,X,0.069279605,X,31.03025567,104.3526385,135.3828972,,,,,,
17-Apr-20,KI15_Site34_MPQ3,2015,Medium,34,3,KB,X,1,X,X,X,1,Polygon,16.138921,16.00392,2.311407,3.46865,2.80089,29.638074,0.040375,10000,328.418639,1.851925903,1.851925903,X,39.19977386,X,0.072343609,X,13.06868688,136.2580453,149.326732,,,,,,
20-Apr-20,KI15_Site35_MPQ1,2015,Medium,35,1,KB,X,1,X,X,X,1,Polygon,16.05111,16.005907,2.926758,3.884807,3.346837,26.39876,0,10000,237.996977,1.649313594,1.649313594,X,37.93477226,X,0.053748924,X,21.92695434,131.0192987,152.9462526,,,,,,
20-Apr-20,KI15_Site35_MPQ2,2015,Medium,35,2,KB,X,1,X,X,X,1,Polygon,16.290192,16.004729,-0.929292,0.390616,-0.148615,31.049825,0.13294,10000,411.747374,1.940040659,1.940040659,X,40.59694534,X,0.069248835,X,48.29471208,104.3552875,152.6500037,,,,,,
20-Apr-20,KI15_Site35_MPQ3,2015,Medium,35,3,KB,X,1,X,X,X,1,Polygon,16.17959,16.005035,2.8512,4.111451,3.423631,35.818992,0.428229,10000,461.384059,2.237982735,2.237982735,X,45.31241986,X,0.085121989,X,-7.872821185,-60.11308373,-67.98590377,,,,,,
08-Jun-20,KI15_Site15_MPQ1,2015,Very Low,15,1,KB,X,1,X,X,X,1,Polygon,16.014944,15.980054,3.668261,5.052178,4.311384,33.304635,0.258618,6083.221575,511.082973,2.084137826,2.084137826,X,40.5904075,X,0.0843473,X,-44.08279577,-85.80637143,-129.8891708,,,,,,
08-Jun-20,KI15_Site15_MPQ2,2015,Very Low,15,2,KB,X,1,X,X,X,1,Polygon,16.13905,16.007365,3.879459,5.018414,4.465801,44.13456,0.26769,7613.391211,908.939283,2.757140854,2.757140854,X,43.50351346,X,0.109770685,X,-9.93691095,-401.9300507,-411.8669484,,,,,,
08-Jun-20,KI15_Site15_MPQ3,2015,Very Low,15,3,KB,X,1,X,X,X,1,Polygon,16.027205,16.003908,3.371398,5.472256,4.383566,44.807729,0.644013,10000,664.958678,2.799799212,2.799799212,X,48.73911913,X,0.110918546,X,1.40887683,-346.2435355,-344.8346579,,,,,,
08-Jun-20,KI15_Site19_MPQ1,2015,Very Low,19,1,KB,X,1,X,X,X,1,Polygon,16.059975,16.002363,-0.677809,0.254629,-0.196984,41.102299,0.083513,10000,607.69742,2.56851435,2.56851435,X,46.56062732,X,0.110727784,X,2.93431582,-458.8182851,-455.8839708,,,,,,
08-Jun-20,KI15_Site19_MPQ2,2015,Very Low,19,2,KB,X,1,X,X,X,1,Polygon,16.178858,16.004868,1.022967,2.466449,1.779596,34.788133,0.340986,10000,436.350371,2.173596996,2.173596996,X,44.48077208,X,0.090805363,X,-6.91427820,-297.13655,-304.0508315,,,,,,
14-Apr-20,KI15_Site5_MPQ1,2015,Very Low,5,1,KB,X,8,X,X,X,1,Polygon,16.082883,16.006627,2.591662,3.825894,3.179043,21.343858,0.057902,10000,108.225128,1.333438831,1.333438831,X,31.36791892,X,0.075993785,X,11.16565557,23.28325910,34.44891387,,,,,,
14-Apr-20,KI15_Site5_MPQ2,2015,Very Low,5,2,KB,X,8,X,X,X,1,Polygon,16.431394,16.022392,2.549723,3.617779,3.06555,21.74886,1.3918,10000,128.803903,1.357404063,1.357404063,X,29.48897272,X,0.070063587,X,-17.60074695,12.87220274,-4.728545694,,,,,,
14-Apr-20,KI15_Site5_MPQ3,2015,Very Low,5,3,KB,X,8,X,X,X,1,Polygon,16.168698,16.01333,9.216499,10.348042,9.818458,19.460782,1.102183,10000,83.262917,1.21528639,1.21528639,X,28.0007572,X,0.05123131,X,28.21901254,-3.464231055,24.75477911,,,,,,
14-Apr-20,KI15_Site27_MPQ1,2015,Very High,27,1,KB,X,8,X,X,X,1,Polygon,16.382721,15.998761,2.768842,3.412656,2.916806,18.340282,0.406613,10000,73.036103,1.146356396,1.146356396,X,20.12377201,X,0.040638951,X,-6.196875653,100.230993,94.03411754,,,,,,
14-Apr-20,KI15_Site27_MPQ2,2015,Very High,27,2,KB,X,8,X,X,X,1,Polygon,16.026703,16.005347,2.762719,4.001695,3.337638,18.299907,1.359101,10000,69.526895,1.14336209,1.14336209,X,22.85131259,X,0.038842385,X,2.574028379,59.82929067,62.40331876,,,,,,
14-Apr-20,KI15_Site27_MPQ3,2015,Very High,27,3,KB,X,8,X,X,X,1,Polygon,16.069428,16.005044,2.771171,3.372056,3.038682,17.479312,0.617977,10000,55.550307,1.092112711,1.092112711,X,17.00165081,X,0.028840579,X,4.806417492,60.2281433,65.03456143,,,,,,
14-Apr-20,KI15_Site30_MPQ1,2015,Very High,30,1,KB,X,8,X,X,X,1,Polygon,16.465942,16.001736,-3.156898,-1.739196,-2.570973,24.194805,0.802899,10000,159.307895,1.512011259,1.512011259,X,34.27223503,X,0.089086984,X,24.81583676,55.47517914,80.2910159,,,,,,
14-Apr-20,KI15_Site30_MPQ2,2015,Very High,30,2,KB,X,8,X,X,X,1,Polygon,16.010902,15.997915,1.310642,3.107446,2.039686,21.059296,1.386739,10000,115.440729,1.31637754,1.31637754,X,29.74083501,X,0.05450407,X,-9.045946171,103.6073013,94.56135523,,,,,,
14-Apr-20,KI15_Site30_MPQ3,2015,Very High,30,3,KB,X,8,X,X,X,1,Polygon,16.208062,16.01118,2.167223,2.952244,2.51721,19.795313,0.98293,10000,92.349663,1.236343168,1.236343168,X,25.54351361,X,0.053953733,X,-9.444002282,115.3660354,105.9220316,,,,,,
15-Apr-20,KI15_Site8_MPQ1,2015,Medium,8,1,KB,X,8,X,X,X,1,Polygon,16.015437,16.008811,2.990156,4.016746,3.462811,18.559151,0.791824,10000,71.318474,1.159308521,1.159308521,X,23.92264282,X,0.039227719,X,22.82904056,24.53572423,47.36476333,,,,,,
15-Apr-20,KI15_Site8_MPQ2,2015,Medium,8,2,KB,X,8,X,X,X,1,Polygon,16.609247,16.009716,-3.2274,-2.270107,-2.69922,20.357479,1.108557,10000,98.502689,1.271570276,1.271570276,X,26.86044803,X,0.058112213,X,45.41586058,17.79538698,63.21124563,,,,,,
15-Apr-20,KI15_Site8_MPQ3,2015,Medium,8,3,KB,X,8,X,X,X,1,Polygon,16.171468,16.013835,3.006522,4.074011,3.478505,19.197646,1.351852,10000,82.312311,1.198816274,1.198816274,X,26.01342203,X,0.041163818,X,-0.471729217,29.37697473,28.90524544,,,,,,
15-Apr-20,KI15_Site32_MPQ1,2015,Very High,32,1,KB,X,8,X,X,X,1,Polygon,16.200462,16.0083,1.750258,3.134841,2.48338,18.919846,1.111567,10000,77.745662,1.181877276,1.181877276,X,24.64445353,X,0.044225701,X,9.293433734,49.07198524,58.36541995,,,,,,
15-Apr-20,KI15_Site32_MPQ2,2015,Very High,32,2,KB,X,8,X,X,X,1,Polygon,16.1062,16.016302,2.555029,3.605099,2.993653,17.512493,0.337768,10000,54.690403,1.093416758,1.093416758,X,18.7219479,X,0.028089363,X,-4.341136096,43.48940661,39.14827133,,,,,,
15-Apr-20,KI15_Site32_MPQ3,2015,Very High,32,3,KB,X,8,X,X,X,1,Polygon,16.055703,16.004469,3.076989,3.719144,3.292907,17.406942,0.246572,10000,53.990305,1.087630086,1.087630086,X,18.73950292,X,0.031349473,X,-1.696190223,75.21812446,73.52193501,,,,,,
17-Apr-20,KI15_Site34_MPQ1,2015,Medium,34,1,KB,X,8,X,X,X,1,Polygon,16.106321,16.007844,2.758576,4.223298,3.375445,20.018196,1.338556,10000,92.602002,1.250524181,1.250524181,X,29.38108726,X,0.046941572,X,-8.484286203,65.59440171,57.11011671,,,,,,
17-Apr-20,KI15_Site34_MPQ2,2015,Medium,34,2,KB,X,8,X,X,X,1,Polygon,16.030869,16.0031,2.790632,3.688945,3.254075,18.928069,0.470336,10000,76.835113,1.18277515,1.18277515,X,25.25510613,X,0.041391144,X,21.5937795,46.03671031,67.63048906,,,,,,
17-Apr-20,KI15_Site34_MPQ3,2015,Medium,34,3,KB,X,8,X,X,X,1,Polygon,16.138921,16.00392,2.322881,3.216158,2.771068,18.904589,0.725988,10000,80.352916,1.181247407,1.181247407,X,23.91566352,X,0.038562868,X,7.92886105,43.29948996,51.22835172,,,,,,
20-Apr-20,KI15_Site35_MPQ1,2015,Medium,35,1,KB,X,8,X,X,X,1,Polygon,16.05111,16.005907,2.962712,3.857165,3.349034,19.000011,0.33081,10000,77.167154,1.187062439,1.187062439,X,24.8532939,X,0.047048468,X,27.65889398,44.20525962,71.86415302,,,,,,
20-Apr-20,KI15_Site35_MPQ2,2015,Medium,35,2,KB,X,8,X,X,X,1,Polygon,16.290192,16.004729,-0.902149,0.336211,-0.155005,20.716154,2.094422,10000,106.670887,1.294377056,1.294377056,X,29.08664041,X,0.061787361,X,38.93074958,19.97492448,58.9056743,,,,,,
20-Apr-20,KI15_Site35_MPQ3,2015,Medium,35,3,KB,X,8,X,X,X,1,Polygon,16.17959,16.005035,2.905356,3.964499,3.414121,20.480141,0.942585,10000,100.326658,1.279606136,1.279606136,X,30.38116705,X,0.056910148,X,2.974971083,43.28094971,46.25591957,,,,,,
08-Jun-20,KI15_Site15_MPQ1,2015,Very Low,15,1,KB,X,8,X,X,X,1,Polygon,16.014944,15.980054,3.723502,4.88556,4.303461,20.554337,1.194171,10000,104.249276,1.286249533,1.286249533,X,27.23241248,X,0.061084072,X,-24.99275641,36.81395845,11.82120072,,,,,,
08-Jun-20,KI15_Site15_MPQ2,2015,Very Low,15,2,KB,X,8,X,X,X,1,Polygon,16.13905,16.007365,3.982116,4.984582,4.468526,23.085806,0.94577,10000,143.346285,1.442199013,1.442199013,X,31.07440612,X,0.0842858,X,-7.382453555,15.50826417,8.125809617,,,,,,
08-Jun-20,KI15_Site15_MPQ3,2015,Very Low,15,3,KB,X,8,X,X,X,1,Polygon,16.027205,16.003908,3.509662,5.351038,4.40516,22.589549,1.729201,10000,124.940708,1.411502053,1.411502053,X,33.84571777,X,0.081579497,X,7.765398358,14.66484986,22.43024863,,,,,,
08-Jun-20,KI15_Site19_MPQ1,2015,Very Low,19,1,KB,X,8,X,X,X,1,Polygon,16.059975,16.002363,-0.566378,0.180051,-0.198005,22.928504,0.645146,10000,128.773186,1.43281989,-1.139073198,X,32.68836093,X,0.092338024,X,-17.70794451,71.11421539,53.40627359,,,,,,
08-Jun-20,KI15_Site19_MPQ2,2015,Very Low,19,2,KB,X,8,X,X,X,1,Polygon,16.178858,16.004868,1.108798,2.425779,1.781035,19.86451,0.305667,10000,91.828549,1.241154254,0.275674199,X,26.6813432,X,0.057517245,X,-4.897147499,35.52824068,30.63109328,,,,,,
21-Aug-20,KI15_Site5_MPQ1,2015,Very Low,5,1,KB,X,4,X,X,X,1,Polygon,16.082883,16.006627,2.427578,3.862998,3.176918,26.020881,0.03402,10000,175.856628,1.625631746,1.625631746,X,38.72150088,X,0.089789351,X,10.10689543,20.90713002,31.01402394,,,,,,
21-Aug-20,KI15_Site5_MPQ2,2015,Very Low,5,2,KB,X,4,X,X,X,1,Polygon,16.431394,16.022392,2.523636,3.630137,3.069835,26.545185,0.675827,10000,207.480743,1.656755433,1.656755433,X,35.85757325,X,0.089558677,X,-10.75352794,-14.80893468,-25.56246465,,,,,,
21-Aug-20,KI15_Site5_MPQ3,2015,Very Low,5,3,KB,X,4,X,X,X,1,Polygon,16.168698,16.01333,9.11641,10.36495,9.816427,23.190619,0.807982,10000,130.490304,1.44820715,1.44820715,X,35.30116694,X,0.070428477,X,17.05237151,-28.58530386,-11.53293208,,,,,,
21-Aug-20,KI15_Site27_MPQ1,2015,Very High,27,1,KB,X,4,X,X,X,1,Polygon,16.382721,15.998761,2.753021,3.44151,2.920042,20.955929,0.740761,10000,114.908963,1.309846994,1.309846994,X,26.62281447,X,0.055481854,X,-6.386756945,186.4925201,180.105765,,,,,,
21-Aug-20,KI15_Site27_MPQ2,2015,Very High,27,2,KB,X,4,X,X,X,1,Polygon,16.026703,16.005347,2.753304,4.022656,3.33746,20.90105,1.399305,4673.040869,105.575005,1.305879216,1.305879216,X,29.01634944,X,0.056791543,X,2.525895991,127.4062182,129.932113,,,,,,
21-Aug-20,KI15_Site27_MPQ3,2015,Very High,27,3,KB,X,4,X,X,X,1,Polygon,16.069428,16.005044,2.757853,3.381291,3.039538,19.947966,0.393719,10000,88.909875,1.246354962,1.246354962,X,24.99758488,X,0.052201674,X,6.273065289,114.1678679,120.4409336,,,,,,
26-Aug-20,KI15_Site30_MPQ1,2015,Very High,30,1,KB,X,4,X,X,X,1,Polygon,16.465942,16.001736,-3.159589,-1.728923,-2.573484,29.280031,1.760651,10000,257.532164,1.829803404,1.829803404,X,40.21306765,X,0.103123179,X,40.42468181,83.60408703,124.0287673,,,,,,
26-Aug-20,KI15_Site30_MPQ2,2015,Very High,30,2,KB,X,4,X,X,X,1,Polygon,16.010902,15.997915,1.300544,3.150967,2.051561,24.622219,0.508775,10000,178.229855,1.53908925,1.53908925,X,34.52575727,X,0.069890643,X,0.995544233,177.0807531,178.0762985,,,,,,
26-Aug-20,KI15_Site30_MPQ3,2015,Very High,30,3,KB,X,4,X,X,X,1,Polygon,16.208062,16.01118,2.153377,2.964171,2.516522,23.450299,1.390705,10000,149.694834,1.464620284,1.464620284,X,32.10390828,X,0.075244148,X,-10.46232463,172.0720654,161.6097398,,,,,,
26-Aug-20,KI15_Site8_MPQ1,2015,Medium,8,1,KB,X,4,X,X,X,1,Polygon,16.015437,16.008811,2.988441,4.062489,3.46254,21.606837,0.65657,10000,109.439834,1.349684058,1.349684058,X,30.74634493,X,0.060092042,X,27.29701702,54.48176694,81.77878477,,,,,,
26-Aug-20,KI15_Site8_MPQ2,2015,Medium,8,2,KB,X,4,X,X,X,1,Polygon,16.609247,16.009716,-3.275316,-2.218695,-2.698884,24.516246,0.352618,10000,158.987115,1.531335472,1.531335472,X,34.38937274,X,0.084207558,X,50.53596988,21.04314977,71.57911978,,,,,,
26-Aug-20,KI15_Site8_MPQ3,2015,Medium,8,3,KB,X,4,X,X,X,1,Polygon,16.171468,16.013835,2.993889,4.10959,3.484895,22.164024,0.646772,10000,122.531279,1.384054725,1.384054725,X,31.99662134,X,0.056036693,X,3.870337106,59.29131368,63.16165199,,,,,,
27-Aug-20,KI15_Site32_MPQ1,2015,Very High,32,1,KB,X,4,X,X,X,1,Polygon,16.200462,16.0083,1.744654,3.170091,2.486147,22.381759,0.470206,10000,127.873665,1.398134655,1.398134655,X,31.54015384,X,0.067095242,X,15.40147961,68.4518558,83.85333535,,,,,,
27-Aug-20,KI15_Site32_MPQ2,2015,Very High,32,2,KB,X,4,X,X,X,1,Polygon,16.1062,16.016302,2.546463,3.64119,2.993645,20.203119,0.114981,10000,88.755875,1.261409719,1.261409719,X,26.78282203,X,0.054605661,X,-3.803420372,91.89049229,88.08707119,,,,,,
27-Aug-20,KI15_Site32_MPQ3,2015,Very High,32,3,KB,X,4,X,X,X,1,Polygon,16.055703,16.004469,3.064754,3.745484,3.293031,19.932136,0.445606,10000,84.654091,1.245410641,1.245410641,X,26.13643714,X,0.05107681,X,-4.947125121,111.4921041,106.5449778,,,,,,
27-Aug-20,KI15_Site34_MPQ1,2015,Medium,34,1,KB,X,4,X,X,X,1,Polygon,16.106321,16.007844,2.753312,4.237547,3.382635,23.294696,0.713221,10000,138.858727,1.455205086,1.455205086,X,34.39865194,X,0.061888103,X,-11.35960435,108.9173945,97.55779163,,,,,,
27-Aug-20,KI15_Site34_MPQ2,2015,Medium,34,2,KB,X,4,X,X,X,1,Polygon,16.030869,16.0031,2.764425,3.71396,3.254866,21.881414,1.504879,10000,114.155426,1.367323456,1.367323456,X,31.76433053,X,0.058399932,X,30.80159766,86.97222596,117.7738259,,,,,,
27-Aug-20,KI15_Site34_MPQ3,2015,Medium,34,3,KB,X,4,X,X,X,1,Polygon,16.138921,16.00392,2.316995,3.229152,2.777137,21.846071,0.879688,10000,120.607578,1.365045001,1.365045001,X,30.07880686,X,0.055839354,X,9.192537403,91.8443896,101.0369262,,,,,,
26-Aug-20,KI15_Site35_MPQ1,2015,Medium,35,1,KB,X,4,X,X,X,1,Polygon,16.05111,16.005907,2.952747,3.872961,3.347913,21.876271,1.029548,10000,114.27099,1.366762346,1.366762346,X,31.31837901,X,0.061660395,X,20.56268448,71.16332057,91.72600308,,,,,,
26-Aug-20,KI15_Site35_MPQ2,2015,Medium,35,2,KB,X,4,X,X,X,1,Polygon,16.290192,16.004729,-0.913714,0.383421,-0.153625,24.368999,0.751036,10000,158.821061,1.52261241,1.52261241,X,34.87535186,X,0.075802002,X,34.16878364,81.31755539,115.486339,,,,,,
26-Aug-20,KI15_Site35_MPQ3,2015,Medium,35,3,KB,X,4,X,X,X,1,Polygon,16.17959,16.005035,2.884537,4.020125,3.413254,24.889492,0.801854,10000,157.703215,1.555103878,1.555103878,X,37.43297369,X,0.07997029,X,0.028563855,68.0768182,68.1053814,,,,,,
25-Aug-20,KI15_Site15_MPQ1,2015,Very Low,15,1,KB,X,4,X,X,X,1,Polygon,16.014944,15.980054,3.694202,4.976283,4.306332,25.017288,0.591377,10000,177.315132,1.565532131,1.565532131,X,34.00524124,X,0.087119496,X,-34.91795772,6.373218431,-28.54474191,,,,,,
25-Aug-20,KI15_Site15_MPQ2,2015,Very Low,15,2,KB,X,4,X,X,X,1,Polygon,16.13905,16.007365,3.916413,5.002786,4.469651,29.898085,0.231996,10000,270.014022,1.867770554,1.867770554,X,38.16079004,X,0.117556533,X,-7.194386168,-75.23975791,-82.43414733,,,,,,
25-Aug-20,KI15_Site15_MPQ3,2015,Very Low,15,3,KB,X,4,X,X,X,1,Polygon,16.027205,16.003908,3.455285,5.370033,4.394217,29.446449,0.460962,10000,217.975014,1.839953654,1.839953654,X,42.27333913,X,0.119067682,X,-7.235550773,-6.902028613,-14.13758017,,,,,,
25-Aug-20,KI15_Site19_MPQ1,2015,Very Low,19,1,KB,X,4,X,X,X,1,Polygon,16.059975,16.002363,-0.635306,0.19843,-0.199864,28.353958,0.524515,10000,209.115704,1.771860693,1.771860693,X,40.27211535,X,0.110138428,X,-6.941570415,38.75873243,31.81716246,,,,,,
25-Aug-20,KI15_Site19_MPQ2,2015,Very Low,19,2,KB,X,4,X,X,X,1,Polygon,16.178858,16.004868,1.071506,2.445147,1.779635,24.073249,0.673612,10000,153.830929,1.504120434,1.504120434,X,34.73813227,X,0.07920878,X,-1.504561131,5.652496445,4.147937301,,,,,,